,1,Sales Liquidation By SKU,Report  Date: 01-04-2024 03:04,,,,,,,
,1,(Reference No:C_INVC_PO17308789),,,,,,,,
,1,,Page 1 Of 1,,,,,,,
,  1 1,,,,,,,,,
,,,,,,,,,,
,,,,,,,,,,
From Period: 01-MAR-2024  ,To period: 31-MAR-2024,  Reference No:   C_INVC_PO17308789          ,                            PO No: 17308789        ,,,,,,,
,,,,,,,,,,
CONCESSIONAIRE,,,,,,,,,,
Supplier Site:    ,903066   -   PILMICO ANIMAL NUTRITION CORPORATION                                                                                                                                      ,Store:    ,2012-METRO GAISANO MARKET (BINONDO)          ,,,,,,,
Supplier Site Address:,ABOITIZ CORPORATE CENTER GOV. MANUEL A. CUENCE AVE. KASAMBAGAN,Department:,2020  - Meat and Poultry          ,,,,,,,
,",CEBU CITY",,,,,,,,,
SKU and transaction date wise summary:-,,,,,,,,,,
,,,,,,,,,,
,,,,,,,,,,
SKU,Description,Tran Date,Post Date,Sell UOM,QTY,Concession ,Gross Sales Amt ,Concession Amt ,Input VAT,Concession Amt
,,,,,,Rate   (%),(Incl of VAT),(Excl of VAT),,(Incl of VAT)
21825,TGM - GROUND BEEF - KILO,1-Mar-24,1-Mar-24,KG,0.73,88,269.37,237.05,0,237.05  
21826,TGM - PORKCHOP SOBI - KILO,1-Mar-24,1-Mar-24,KG,0.64,88,229.76,202.19,0,202.19  
21834,TGM - REGULAR GROUND PORK - KILO,1-Mar-24,1-Mar-24,KG,0.31,88,85.1,74.89,0,74.89  
21841,TGM - LEAN GROUND PORK - KILO,1-Mar-24,1-Mar-24,KG,3.78,88,"1,053.23",926.84,0,926.84  
21844,TGM - PORK BABY BACK RIBS - KILO,1-Mar-24,1-Mar-24,KG,1.93,88,866.57,762.58,0,762.58  
21851,TGM - PORK LIVER - KILO,1-Mar-24,1-Mar-24,KG,0.31,88,60.7,53.42,0,53.42  
21854,TGM - PORK PORKCHOP SKINLESS - KILO,1-Mar-24,1-Mar-24,KG,0.4,88,151.6,133.41,0,133.41  
21857,TGM - PORK SUKIYAKI CUT - KILO,1-Mar-24,1-Mar-24,KG,0.37,88,173.53,152.71,0,152.71  
21862,TGM - PORKCHOP BONELESS - KILO,1-Mar-24,1-Mar-24,KG,2,88,798,702.24,0,702.24  
21865,TGM - PORK SAMGYEOPSAL - KILO,1-Mar-24,1-Mar-24,KG,0.55,88,255.61,224.94,0,224.94  
21866,TGM - PORK ADOBO CUT - KILO,1-Mar-24,1-Mar-24,KG,2.87,88,942.59,829.48,0,829.48  
21871,TGM - BEEF CUBES - KILO,1-Mar-24,1-Mar-24,KG,0.16,88,82,72.16,0,72.16  
21873,TGM - BEEF SIRLOIN - KILO,1-Mar-24,1-Mar-24,KG,0.69,88,437.72,385.19,0,385.19  
21881,TGM - BEEF BRISKET BL - KILO,1-Mar-24,1-Mar-24,KG,0.8,88,428.51,377.09,0,377.09  
21920,TGM - BEEF SUKIYAKI - KILO,1-Mar-24,1-Mar-24,KG,0.96,86,603.84,519.3,0,519.30  
21826,TGM - PORKCHOP SOBI - KILO,2-Mar-24,2-Mar-24,KG,0.2,88,70.01,61.61,0,61.61  
21832,TGM - PORK BELLY SOBI - KILO,2-Mar-24,2-Mar-24,KG,1.27,88,553.15,486.77,0,486.77  
21834,TGM - REGULAR GROUND PORK - KILO,2-Mar-24,2-Mar-24,KG,0.38,88,106.02,93.3,0,93.30  
21838,TGM - PORK MENUDO CUT - KILO,2-Mar-24,2-Mar-24,KG,0.9,88,294.46,259.12,0,259.12  
21843,TGM - PORK STEAK - KILO,2-Mar-24,2-Mar-24,KG,2.54,88,836.75,736.34,0,736.34  
21844,TGM - PORK BABY BACK RIBS - KILO,2-Mar-24,2-Mar-24,KG,1.4,88,626.36,551.2,0,551.20  
21846,TGM - PORK RIB SHOULDER - KILO,2-Mar-24,2-Mar-24,KG,2.19,88,828.12,728.75,0,728.75  
21854,TGM - PORK PORKCHOP SKINLESS - KILO,2-Mar-24,2-Mar-24,KG,0.46,88,174.34,153.42,0,153.42  
21866,TGM - PORK ADOBO CUT - KILO,2-Mar-24,2-Mar-24,KG,0.55,88,179.31,157.79,0,157.79  
21868,TGM - KASIM SLBL - KILO,2-Mar-24,2-Mar-24,KG,0.76,88,240.85,211.95,0,211.95  
21870,TGM - KASIM SOBL - KILO,2-Mar-24,2-Mar-24,KG,1.15,88,399.61,351.66,0,351.66  
21890,TGM - BEEF MECHADO - KILO,2-Mar-24,2-Mar-24,KG,0.19,88,99.72,87.75,0,87.75  
21825,TGM - GROUND BEEF - KILO,3-Mar-24,3-Mar-24,KG,0.57,88,208.49,183.47,0,183.47  
21826,TGM - PORKCHOP SOBI - KILO,3-Mar-24,3-Mar-24,KG,3.05,88,"1,074.67",945.71,0,945.71  
21828,TGM - PORK MARINATED BELLY - KILO,3-Mar-24,3-Mar-24,KG,0.38,88,183.38,144.08,17.29,161.37  
21832,TGM - PORK BELLY SOBI - KILO,3-Mar-24,3-Mar-24,KG,1.6,88,700.22,616.19,0,616.19  
21834,TGM - REGULAR GROUND PORK - KILO,3-Mar-24,3-Mar-24,KG,0.36,88,100.44,88.39,0,88.39  
21837,TGM - PORK SINIGANG CUT - KILO,3-Mar-24,3-Mar-24,KG,2.56,88,660.46,581.2,0,581.20  
21838,TGM - PORK MENUDO CUT - KILO,3-Mar-24,3-Mar-24,KG,0.63,88,207.27,182.4,0,182.40  
21841,TGM - LEAN GROUND PORK - KILO,3-Mar-24,3-Mar-24,KG,2.14,88,597.06,525.41,0,525.41  
21843,TGM - PORK STEAK - KILO,3-Mar-24,3-Mar-24,KG,3.42,88,"1,140.23","1,003.40",0,"1,003.40  "
21844,TGM - PORK BABY BACK RIBS - KILO,3-Mar-24,3-Mar-24,KG,6.24,88,"2,797.28","2,461.61",0,"2,461.61  "
21846,TGM - PORK RIB SHOULDER - KILO,3-Mar-24,3-Mar-24,KG,4.93,88,"1,801.58","1,585.39",0,"1,585.39  "
21855,TGM - PORK TENDERLOIN - KILO,3-Mar-24,3-Mar-24,KG,0.83,88,378.68,333.24,0,333.24  
21857,TGM - PORK SUKIYAKI CUT - KILO,3-Mar-24,3-Mar-24,KG,0.28,88,131.32,115.56,0,115.56  
21859,TGM - PORK BACON SLICE - KILO,3-Mar-24,3-Mar-24,KG,1.17,88,548.73,482.88,0,482.88  
21862,TGM - PORKCHOP BONELESS - KILO,3-Mar-24,3-Mar-24,KG,1.67,88,662.35,582.87,0,582.87  
21866,TGM - PORK ADOBO CUT - KILO,3-Mar-24,3-Mar-24,KG,1.81,88,576.49,507.31,0,507.31  
21870,TGM - KASIM SOBL - KILO,3-Mar-24,3-Mar-24,KG,1.76,88,610.76,537.47,0,537.47  
21871,TGM - BEEF CUBES - KILO,3-Mar-24,3-Mar-24,KG,0.58,88,304.18,267.68,0,267.68  
21873,TGM - BEEF SIRLOIN - KILO,3-Mar-24,3-Mar-24,KG,0.61,88,389.79,343.02,0,343.02  
21881,TGM - BEEF BRISKET BL - KILO,3-Mar-24,3-Mar-24,KG,0.54,88,291.06,256.13,0,256.13  
21882,TGM - BEEF RIB EYE STEAK - KILO,3-Mar-24,3-Mar-24,KG,0.83,88,650.93,572.82,0,572.82  
21890,TGM - BEEF MECHADO - KILO,3-Mar-24,3-Mar-24,KG,0.58,88,309.93,272.74,0,272.74  
21892,TGM - BEEF BREAKFAST STEAK - KILO,3-Mar-24,3-Mar-24,KG,0.78,88,476.64,419.44,0,419.44  
21920,TGM - BEEF SUKIYAKI - KILO,3-Mar-24,3-Mar-24,KG,0.76,86,474.9,408.41,0,408.41  
21921,TGM - PORK LECHON KAWALI - KILO,3-Mar-24,3-Mar-24,KG,2.81,86,"1,115.22",959.09,0,959.09  
21825,TGM - GROUND BEEF - KILO,4-Mar-24,4-Mar-24,KG,1.06,88,378.14,332.76,0,332.76  
21826,TGM - PORKCHOP SOBI - KILO,4-Mar-24,4-Mar-24,KG,0.3,88,105.91,93.2,0,93.20  
21828,TGM - PORK MARINATED BELLY - KILO,4-Mar-24,4-Mar-24,KG,0.34,88,166.26,130.63,15.68,146.31  
21832,TGM - PORK BELLY SOBI - KILO,4-Mar-24,4-Mar-24,KG,1.07,88,467.54,411.44,0,411.44  
21838,TGM - PORK MENUDO CUT - KILO,4-Mar-24,4-Mar-24,KG,0.13,88,40.63,35.75,0,35.75  
21841,TGM - LEAN GROUND PORK - KILO,4-Mar-24,4-Mar-24,KG,0.95,88,265.05,233.24,0,233.24  
21843,TGM - PORK STEAK - KILO,4-Mar-24,4-Mar-24,KG,1.05,88,354.26,311.75,0,311.75  
21844,TGM - PORK BABY BACK RIBS - KILO,4-Mar-24,4-Mar-24,KG,5.32,88,"2,364.51","2,080.77",0,"2,080.77  "
21854,TGM - PORK PORKCHOP SKINLESS - KILO,4-Mar-24,4-Mar-24,KG,0.18,88,66.33,58.37,0,58.37  
21857,TGM - PORK SUKIYAKI CUT - KILO,4-Mar-24,4-Mar-24,KG,0.89,88,417.41,367.32,0,367.32  
21859,TGM - PORK BACON SLICE - KILO,4-Mar-24,4-Mar-24,KG,0.54,88,253.26,222.87,0,222.87  
21865,TGM - PORK SAMGYEOPSAL - KILO,4-Mar-24,4-Mar-24,KG,1.39,88,649.57,571.62,0,571.62  
21866,TGM - PORK ADOBO CUT - KILO,4-Mar-24,4-Mar-24,KG,1.53,88,500.09,440.08,0,440.08  
21869,TGM - PIGUE SOBL - KILO,4-Mar-24,4-Mar-24,KG,0.81,88,280.95,247.24,0,247.24  
21870,TGM - KASIM SOBL - KILO,4-Mar-24,4-Mar-24,KG,1.31,88,455.45,400.8,0,400.80  
21890,TGM - BEEF MECHADO - KILO,4-Mar-24,4-Mar-24,KG,0.37,88,199.43,175.5,0,175.50  
21901,TGM - OX TRIPE - KILO,4-Mar-24,4-Mar-24,KG,0.52,88,128.24,112.85,0,112.85  
21920,TGM - BEEF SUKIYAKI - KILO,4-Mar-24,4-Mar-24,KG,1.1,86,685.62,589.63,0,589.63  
21825,TGM - GROUND BEEF - KILO,5-Mar-24,5-Mar-24,KG,1.05,88,383.77,337.72,0,337.72  
21832,TGM - PORK BELLY SOBI - KILO,5-Mar-24,5-Mar-24,KG,1.8,88,788.01,693.45,0,693.45  
21834,TGM - REGULAR GROUND PORK - KILO,5-Mar-24,5-Mar-24,KG,0.59,88,164.61,144.86,0,144.86  
21837,TGM - PORK SINIGANG CUT - KILO,5-Mar-24,5-Mar-24,KG,1.33,88,344.47,303.13,0,303.13  
21838,TGM - PORK MENUDO CUT - KILO,5-Mar-24,5-Mar-24,KG,0.53,88,174.37,153.45,0,153.45  
21841,TGM - LEAN GROUND PORK - KILO,5-Mar-24,5-Mar-24,KG,0.52,88,145.08,127.67,0,127.67  
21843,TGM - PORK STEAK - KILO,5-Mar-24,5-Mar-24,KG,1.8,88,596.23,524.68,0,524.68  
21844,TGM - PORK BABY BACK RIBS - KILO,5-Mar-24,5-Mar-24,KG,3.12,88,"1,358.18","1,195.20",0,"1,195.20  "
21854,TGM - PORK PORKCHOP SKINLESS - KILO,5-Mar-24,5-Mar-24,KG,0.89,88,337.31,296.83,0,296.83  
21857,TGM - PORK SUKIYAKI CUT - KILO,5-Mar-24,5-Mar-24,KG,1.45,88,670.69,590.21,0,590.21  
21862,TGM - PORKCHOP BONELESS - KILO,5-Mar-24,5-Mar-24,KG,0.98,88,391.02,344.1,0,344.10  
21866,TGM - PORK ADOBO CUT - KILO,5-Mar-24,5-Mar-24,KG,1.28,88,421.12,370.59,0,370.59  
21871,TGM - BEEF CUBES - KILO,5-Mar-24,5-Mar-24,KG,0.5,88,264.5,232.76,0,232.76  
21920,TGM - BEEF SUKIYAKI - KILO,5-Mar-24,5-Mar-24,KG,0.86,86,537.8,462.51,0,462.51  
21825,TGM - GROUND BEEF - KILO,6-Mar-24,6-Mar-24,KG,1.03,88,380.08,334.47,0,334.47  
21832,TGM - PORK BELLY SOBI - KILO,6-Mar-24,6-Mar-24,KG,0.27,88,116.34,102.38,0,102.38  
21834,TGM - REGULAR GROUND PORK - KILO,6-Mar-24,6-Mar-24,KG,1.37,88,380.84,335.14,0,335.14  
21837,TGM - PORK SINIGANG CUT - KILO,6-Mar-24,6-Mar-24,KG,1.28,88,313.72,276.07,0,276.07  
21841,TGM - LEAN GROUND PORK - KILO,6-Mar-24,6-Mar-24,KG,1.57,88,436.65,384.25,0,384.25  
21843,TGM - PORK STEAK - KILO,6-Mar-24,6-Mar-24,KG,1.94,88,652.59,574.28,0,574.28  
21848,TGM - PORK BUTTERFLY CUT - KILO,6-Mar-24,6-Mar-24,KG,1.22,88,454.19,399.69,0,399.69  
21849,TGM - PORK CUTLETS - KILO,6-Mar-24,6-Mar-24,KG,1.04,88,425.36,374.32,0,374.32  
21854,TGM - PORK PORKCHOP SKINLESS - KILO,6-Mar-24,6-Mar-24,KG,1.32,88,498.39,438.58,0,438.58  
21859,TGM - PORK BACON SLICE - KILO,6-Mar-24,6-Mar-24,KG,0.27,88,124.29,109.38,0,109.38  
21869,TGM - PIGUE SOBL - KILO,6-Mar-24,6-Mar-24,KG,0.46,88,160.54,141.28,0,141.28  
21870,TGM - KASIM SOBL - KILO,6-Mar-24,6-Mar-24,KG,0.99,88,345.51,304.05,0,304.05  
21893,TGM - BEEF STROGANOFF - KILO,6-Mar-24,6-Mar-24,KG,0.32,88,201.28,177.13,0,177.13  
21920,TGM - BEEF SUKIYAKI - KILO,6-Mar-24,6-Mar-24,KG,0.27,86,166.69,143.35,0,143.35  
104086256,TGM - BEEF SAMGYUPSAL 500G - PACK,7-Mar-24,7-Mar-24,EA,1,88,375,330,0,330.00  
21825,TGM - GROUND BEEF - KILO,7-Mar-24,7-Mar-24,KG,0.68,88,249.08,219.19,0,219.19  
21826,TGM - PORKCHOP SOBI - KILO,7-Mar-24,7-Mar-24,KG,0.75,88,267.46,235.36,0,235.36  
21828,TGM - PORK MARINATED BELLY - KILO,7-Mar-24,7-Mar-24,KG,0.46,88,222.5,174.82,20.98,195.80  
21832,TGM - PORK BELLY SOBI - KILO,7-Mar-24,7-Mar-24,KG,1.95,88,853.86,751.4,0,751.40  
21834,TGM - REGULAR GROUND PORK - KILO,7-Mar-24,7-Mar-24,KG,1.19,88,323.68,284.84,0,284.84  
21837,TGM - PORK SINIGANG CUT - KILO,7-Mar-24,7-Mar-24,KG,1.87,88,484.33,426.21,0,426.21  
21838,TGM - PORK MENUDO CUT - KILO,7-Mar-24,7-Mar-24,KG,0.25,88,78.14,68.76,0,68.76  
21841,TGM - LEAN GROUND PORK - KILO,7-Mar-24,7-Mar-24,KG,0.48,88,133.92,117.85,0,117.85  
21842,TGM - PATA FRONT - KILO,7-Mar-24,7-Mar-24,KG,1.45,88,480.75,423.06,0,423.06  
21843,TGM - PORK STEAK - KILO,7-Mar-24,7-Mar-24,KG,2.58,88,872.93,768.18,0,768.18  
21844,TGM - PORK BABY BACK RIBS - KILO,7-Mar-24,7-Mar-24,KG,4.58,88,"2,051.94","1,805.71",0,"1,805.71  "
21846,TGM - PORK RIB SHOULDER - KILO,7-Mar-24,7-Mar-24,KG,2.35,88,886.87,780.45,0,780.45  
21851,TGM - PORK LIVER - KILO,7-Mar-24,7-Mar-24,KG,0.62,88,116.28,102.33,0,102.33  
21854,TGM - PORK PORKCHOP SKINLESS - KILO,7-Mar-24,7-Mar-24,KG,1.65,88,625.35,550.31,0,550.31  
21862,TGM - PORKCHOP BONELESS - KILO,7-Mar-24,7-Mar-24,KG,0.72,88,278.01,244.65,0,244.65  
21866,TGM - PORK ADOBO CUT - KILO,7-Mar-24,7-Mar-24,KG,0.4,88,129.96,114.36,0,114.36  
21870,TGM - KASIM SOBL - KILO,7-Mar-24,7-Mar-24,KG,0.59,88,205.91,181.2,0,181.20  
21881,TGM - BEEF BRISKET BL - KILO,7-Mar-24,7-Mar-24,KG,0.55,88,281.63,247.83,0,247.83  
21890,TGM - BEEF MECHADO - KILO,7-Mar-24,7-Mar-24,KG,0.66,88,355.74,313.05,0,313.05  
21901,TGM - OX TRIPE - KILO,7-Mar-24,7-Mar-24,KG,1.01,88,250.25,220.22,0,220.22  
21920,TGM - BEEF SUKIYAKI - KILO,7-Mar-24,7-Mar-24,KG,0.54,86,336.52,289.41,0,289.41  
21921,TGM - PORK LECHON KAWALI - KILO,7-Mar-24,7-Mar-24,KG,2.88,86,"1,107.43",952.39,0,952.39  
21825,TGM - GROUND BEEF - KILO,8-Mar-24,8-Mar-24,KG,0.51,88,188.19,165.61,0,165.61  
21826,TGM - PORKCHOP SOBI - KILO,8-Mar-24,8-Mar-24,KG,0.64,88,229.76,202.19,0,202.19  
21832,TGM - PORK BELLY SOBI - KILO,8-Mar-24,8-Mar-24,KG,1.36,88,594.85,523.47,0,523.47  
21838,TGM - PORK MENUDO CUT - KILO,8-Mar-24,8-Mar-24,KG,0.51,88,167.79,147.66,0,147.66  
21841,TGM - LEAN GROUND PORK - KILO,8-Mar-24,8-Mar-24,KG,0.51,88,142.29,125.22,0,125.22  
21843,TGM - PORK STEAK - KILO,8-Mar-24,8-Mar-24,KG,1.63,88,550.88,484.77,0,484.77  
21844,TGM - PORK BABY BACK RIBS - KILO,8-Mar-24,8-Mar-24,KG,0.83,88,372.67,327.95,0,327.95  
21851,TGM - PORK LIVER - KILO,8-Mar-24,8-Mar-24,KG,0.51,88,101.49,89.31,0,89.31  
21854,TGM - PORK PORKCHOP SKINLESS - KILO,8-Mar-24,8-Mar-24,KG,1.65,88,610.01,536.81,0,536.81  
21857,TGM - PORK SUKIYAKI CUT - KILO,8-Mar-24,8-Mar-24,KG,0.52,88,231.69,203.89,0,203.89  
21862,TGM - PORKCHOP BONELESS - KILO,8-Mar-24,8-Mar-24,KG,4.52,88,"1,799.50","1,583.56",0,"1,583.56  "
21865,TGM - PORK SAMGYEOPSAL - KILO,8-Mar-24,8-Mar-24,KG,0.5,88,234.5,206.36,0,206.36  
21866,TGM - PORK ADOBO CUT - KILO,8-Mar-24,8-Mar-24,KG,0.96,88,314.2,276.5,0,276.50  
21869,TGM - PIGUE SOBL - KILO,8-Mar-24,8-Mar-24,KG,0.52,88,179.74,158.17,0,158.17  
21920,TGM - BEEF SUKIYAKI - KILO,8-Mar-24,8-Mar-24,KG,0.27,86,166.69,143.35,0,143.35  
21825,TGM - GROUND BEEF - KILO,9-Mar-24,9-Mar-24,KG,1.8,88,662.36,582.88,0,582.88  
21832,TGM - PORK BELLY SOBI - KILO,9-Mar-24,9-Mar-24,KG,1.86,88,807.78,710.85,0,710.85  
21834,TGM - REGULAR GROUND PORK - KILO,9-Mar-24,9-Mar-24,KG,0.46,88,128.34,112.94,0,112.94  
21841,TGM - LEAN GROUND PORK - KILO,9-Mar-24,9-Mar-24,KG,0.58,88,160.43,141.18,0,141.18  
21842,TGM - PATA FRONT - KILO,9-Mar-24,9-Mar-24,KG,4.23,88,"1,476.27","1,299.12",0,"1,299.12  "
21843,TGM - PORK STEAK - KILO,9-Mar-24,9-Mar-24,KG,3.32,88,"1,105.66",972.98,0,972.98  
21844,TGM - PORK BABY BACK RIBS - KILO,9-Mar-24,9-Mar-24,KG,2.26,88,992.07,873.02,0,873.02  
21846,TGM - PORK RIB SHOULDER - KILO,9-Mar-24,9-Mar-24,KG,1.54,88,583.66,513.62,0,513.62  
21851,TGM - PORK LIVER - KILO,9-Mar-24,9-Mar-24,KG,0.3,88,58.71,51.66,0,51.66  
21854,TGM - PORK PORKCHOP SKINLESS - KILO,9-Mar-24,9-Mar-24,KG,1.46,88,551.45,485.28,0,485.28  
21857,TGM - PORK SUKIYAKI CUT - KILO,9-Mar-24,9-Mar-24,KG,0.8,88,375.2,330.18,0,330.18  
21859,TGM - PORK BACON SLICE - KILO,9-Mar-24,9-Mar-24,KG,0.6,88,281.4,247.63,0,247.63  
21862,TGM - PORKCHOP BONELESS - KILO,9-Mar-24,9-Mar-24,KG,1.26,88,502.74,442.41,0,442.41  
21869,TGM - PIGUE SOBL - KILO,9-Mar-24,9-Mar-24,KG,1.18,88,411.82,362.4,0,362.40  
21892,TGM - BEEF BREAKFAST STEAK - KILO,9-Mar-24,9-Mar-24,KG,1.99,88,"1,225.63","1,078.55",0,"1,078.55  "
21901,TGM - OX TRIPE - KILO,9-Mar-24,9-Mar-24,KG,2.05,88,510.45,449.2,0,449.20  
21920,TGM - BEEF SUKIYAKI - KILO,9-Mar-24,9-Mar-24,KG,0.56,86,349.1,300.23,0,300.23  
21825,TGM - GROUND BEEF - KILO,10-Mar-24,10-Mar-24,KG,1.03,88,380.07,334.46,0,334.46  
21832,TGM - PORK BELLY SOBI - KILO,10-Mar-24,10-Mar-24,KG,0.43,88,186.58,164.19,0,164.19  
21834,TGM - REGULAR GROUND PORK - KILO,10-Mar-24,10-Mar-24,KG,1.56,88,435.24,383.01,0,383.01  
21837,TGM - PORK SINIGANG CUT - KILO,10-Mar-24,10-Mar-24,KG,1.53,88,386.68,340.28,0,340.28  
21838,TGM - PORK MENUDO CUT - KILO,10-Mar-24,10-Mar-24,KG,2.5,88,820.86,722.36,0,722.36  
21841,TGM - LEAN GROUND PORK - KILO,10-Mar-24,10-Mar-24,KG,1.55,88,429.67,378.11,0,378.11  
21843,TGM - PORK STEAK - KILO,10-Mar-24,10-Mar-24,KG,0.69,88,232.22,204.35,0,204.35  
21844,TGM - PORK BABY BACK RIBS - KILO,10-Mar-24,10-Mar-24,KG,2.59,88,"1,162.91","1,023.36",0,"1,023.36  "
21849,TGM - PORK CUTLETS - KILO,10-Mar-24,10-Mar-24,KG,1.1,88,449.9,395.91,0,395.91  
21854,TGM - PORK PORKCHOP SKINLESS - KILO,10-Mar-24,10-Mar-24,KG,0.59,88,221.72,195.11,0,195.11  
21857,TGM - PORK SUKIYAKI CUT - KILO,10-Mar-24,10-Mar-24,KG,0.21,88,96.15,84.61,0,84.61  
21859,TGM - PORK BACON SLICE - KILO,10-Mar-24,10-Mar-24,KG,1.24,88,581.56,511.77,0,511.77  
21862,TGM - PORKCHOP BONELESS - KILO,10-Mar-24,10-Mar-24,KG,1.05,88,406.19,357.45,0,357.45  
21870,TGM - KASIM SOBL - KILO,10-Mar-24,10-Mar-24,KG,2.67,88,931.83,820.01,0,820.01  
21873,TGM - BEEF SIRLOIN - KILO,10-Mar-24,10-Mar-24,KG,0.66,88,418.55,368.32,0,368.32  
21881,TGM - BEEF BRISKET BL - KILO,10-Mar-24,10-Mar-24,KG,1.24,88,651.93,573.7,0,573.70  
21882,TGM - BEEF RIB EYE STEAK - KILO,10-Mar-24,10-Mar-24,KG,0.44,88,347.16,305.5,0,305.50  
21890,TGM - BEEF MECHADO - KILO,10-Mar-24,10-Mar-24,KG,0.5,88,269.5,237.16,0,237.16  
21892,TGM - BEEF BREAKFAST STEAK - KILO,10-Mar-24,10-Mar-24,KG,0.29,88,176.42,155.25,0,155.25  
21920,TGM - BEEF SUKIYAKI - KILO,10-Mar-24,10-Mar-24,KG,0.53,86,330.23,284,0,284.00  
104086256,TGM - BEEF SAMGYUPSAL 500G - PACK,11-Mar-24,11-Mar-24,EA,1,88,356.25,313.5,0,313.50  
21825,TGM - GROUND BEEF - KILO,11-Mar-24,11-Mar-24,KG,2.26,88,809.14,712.04,0,712.04  
21826,TGM - PORKCHOP SOBI - KILO,11-Mar-24,11-Mar-24,KG,0.53,88,190.27,167.44,0,167.44  
21828,TGM - PORK MARINATED BELLY - KILO,11-Mar-24,11-Mar-24,KG,0.44,88,202.08,158.78,19.05,177.83  
21832,TGM - PORK BELLY SOBI - KILO,11-Mar-24,11-Mar-24,KG,0.45,88,195.36,171.92,0,171.92  
21841,TGM - LEAN GROUND PORK - KILO,11-Mar-24,11-Mar-24,KG,1.28,88,355.73,313.04,0,313.04  
21842,TGM - PATA FRONT - KILO,11-Mar-24,11-Mar-24,KG,1.33,88,464.17,408.47,0,408.47  
21843,TGM - PORK STEAK - KILO,11-Mar-24,11-Mar-24,KG,3.2,88,"1,060.73",933.44,0,933.44  
21844,TGM - PORK BABY BACK RIBS - KILO,11-Mar-24,11-Mar-24,KG,3.83,88,"1,717.43","1,511.34",0,"1,511.34  "
21854,TGM - PORK PORKCHOP SKINLESS - KILO,11-Mar-24,11-Mar-24,KG,1.56,88,576.08,506.95,0,506.95  
21862,TGM - PORKCHOP BONELESS - KILO,11-Mar-24,11-Mar-24,KG,1.94,88,774.06,681.17,0,681.17  
21869,TGM - PIGUE SOBL - KILO,11-Mar-24,11-Mar-24,KG,1.7,88,593.3,522.1,0,522.10  
21870,TGM - KASIM SOBL - KILO,11-Mar-24,11-Mar-24,KG,1.87,88,652.63,574.31,0,574.31  
21890,TGM - BEEF MECHADO - KILO,11-Mar-24,11-Mar-24,KG,0.61,88,328.79,289.34,0,289.34  
21892,TGM - BEEF BREAKFAST STEAK - KILO,11-Mar-24,11-Mar-24,KG,0.52,88,318.79,280.54,0,280.54  
21920,TGM - BEEF SUKIYAKI - KILO,11-Mar-24,11-Mar-24,KG,0.42,86,264.18,227.19,0,227.19  
21825,TGM - GROUND BEEF - KILO,12-Mar-24,12-Mar-24,KG,3.99,88,"1,466.79","1,290.78",0,"1,290.78  "
21828,TGM - PORK MARINATED BELLY - KILO,12-Mar-24,12-Mar-24,KG,0.85,88,413.21,324.66,38.96,363.62  
21832,TGM - PORK BELLY SOBI - KILO,12-Mar-24,12-Mar-24,KG,1.43,88,623.39,548.58,0,548.58  
21834,TGM - REGULAR GROUND PORK - KILO,12-Mar-24,12-Mar-24,KG,1.06,88,292.96,257.8,0,257.80  
21838,TGM - PORK MENUDO CUT - KILO,12-Mar-24,12-Mar-24,KG,1.09,88,356.97,314.13,0,314.13  
21841,TGM - LEAN GROUND PORK - KILO,12-Mar-24,12-Mar-24,KG,1.51,88,419.9,369.51,0,369.51  
21843,TGM - PORK STEAK - KILO,12-Mar-24,12-Mar-24,KG,2.53,88,842,740.96,0,740.96  
21844,TGM - PORK BABY BACK RIBS - KILO,12-Mar-24,12-Mar-24,KG,1.83,88,821.67,723.07,0,723.07  
21851,TGM - PORK LIVER - KILO,12-Mar-24,12-Mar-24,KG,0.88,88,174.13,153.23,0,153.23  
21854,TGM - PORK PORKCHOP SKINLESS - KILO,12-Mar-24,12-Mar-24,KG,2.5,88,943.72,830.47,0,830.47  
21862,TGM - PORKCHOP BONELESS - KILO,12-Mar-24,12-Mar-24,KG,0.71,88,283.29,249.3,0,249.30  
21866,TGM - PORK ADOBO CUT - KILO,12-Mar-24,12-Mar-24,KG,3.09,88,"1,010.05",888.84,0,888.84  
21892,TGM - BEEF BREAKFAST STEAK - KILO,12-Mar-24,12-Mar-24,KG,0.32,88,188.18,165.6,0,165.60  
21920,TGM - BEEF SUKIYAKI - KILO,12-Mar-24,12-Mar-24,KG,0.91,86,572.39,492.26,0,492.26  
104086256,TGM - BEEF SAMGYUPSAL 500G - PACK,13-Mar-24,13-Mar-24,EA,1,88,375,330,0,330.00  
21834,TGM - REGULAR GROUND PORK - KILO,13-Mar-24,13-Mar-24,KG,1.77,88,485.26,427.03,0,427.03  
21838,TGM - PORK MENUDO CUT - KILO,13-Mar-24,13-Mar-24,KG,0.9,88,296.1,260.57,0,260.57  
21841,TGM - LEAN GROUND PORK - KILO,13-Mar-24,13-Mar-24,KG,1.01,88,273.35,240.55,0,240.55  
21844,TGM - PORK BABY BACK RIBS - KILO,13-Mar-24,13-Mar-24,KG,2.74,88,"1,228.02","1,080.66",0,"1,080.66  "
21851,TGM - PORK LIVER - KILO,13-Mar-24,13-Mar-24,KG,0.21,88,41.79,36.78,0,36.78  
21854,TGM - PORK PORKCHOP SKINLESS - KILO,13-Mar-24,13-Mar-24,KG,0.38,88,142.13,125.07,0,125.07  
21862,TGM - PORKCHOP BONELESS - KILO,13-Mar-24,13-Mar-24,KG,1.05,88,418.95,368.68,0,368.68  
21866,TGM - PORK ADOBO CUT - KILO,13-Mar-24,13-Mar-24,KG,0.58,88,189.18,166.48,0,166.48  
21825,TGM - GROUND BEEF - KILO,14-Mar-24,14-Mar-24,KG,2.81,88,"1,035.05",910.84,0,910.84  
21837,TGM - PORK SINIGANG CUT - KILO,14-Mar-24,14-Mar-24,KG,2.9,88,727.34,640.06,0,640.06  
21838,TGM - PORK MENUDO CUT - KILO,14-Mar-24,14-Mar-24,KG,1.06,88,348.74,306.89,0,306.89  
21841,TGM - LEAN GROUND PORK - KILO,14-Mar-24,14-Mar-24,KG,0.32,88,87.89,77.34,0,77.34  
21843,TGM - PORK STEAK - KILO,14-Mar-24,14-Mar-24,KG,0.57,88,191.54,168.56,0,168.56  
21844,TGM - PORK BABY BACK RIBS - KILO,14-Mar-24,14-Mar-24,KG,1.73,88,772.29,679.62,0,679.62  
21851,TGM - PORK LIVER - KILO,14-Mar-24,14-Mar-24,KG,0.13,88,24.58,21.63,0,21.63  
21854,TGM - PORK PORKCHOP SKINLESS - KILO,14-Mar-24,14-Mar-24,KG,0.41,88,153.5,135.08,0,135.08  
21897,TGM - BEEF SUKIYAKI CUT - KILO,14-Mar-24,14-Mar-24,KG,0.52,88,321.97,283.33,0,283.33  
21901,TGM - OX TRIPE - KILO,14-Mar-24,14-Mar-24,KG,0.52,88,128.24,112.85,0,112.85  
21920,TGM - BEEF SUKIYAKI - KILO,14-Mar-24,14-Mar-24,KG,0.57,86,337.62,290.35,0,290.35  
21825,TGM - GROUND BEEF - KILO,15-Mar-24,15-Mar-24,KG,0.41,88,151.29,133.14,0,133.14  
21834,TGM - REGULAR GROUND PORK - KILO,15-Mar-24,15-Mar-24,KG,1.3,88,361.31,317.95,0,317.95  
21837,TGM - PORK SINIGANG CUT - KILO,15-Mar-24,15-Mar-24,KG,2.44,88,631.96,556.12,0,556.12  
21838,TGM - PORK MENUDO CUT - KILO,15-Mar-24,15-Mar-24,KG,0.96,88,314.2,276.5,0,276.50  
21841,TGM - LEAN GROUND PORK - KILO,15-Mar-24,15-Mar-24,KG,0.79,88,219.02,192.74,0,192.74  
21843,TGM - PORK STEAK - KILO,15-Mar-24,15-Mar-24,KG,1.5,88,498.09,438.32,0,438.32  
21846,TGM - PORK RIB SHOULDER - KILO,15-Mar-24,15-Mar-24,KG,1.41,88,534.39,470.26,0,470.26  
21848,TGM - PORK BUTTERFLY CUT - KILO,15-Mar-24,15-Mar-24,KG,0.58,88,212.18,186.72,0,186.72  
21862,TGM - PORKCHOP BONELESS - KILO,15-Mar-24,15-Mar-24,KG,0.45,88,177.56,156.25,0,156.25  
21866,TGM - PORK ADOBO CUT - KILO,15-Mar-24,15-Mar-24,KG,0.6,88,195.76,172.27,0,172.27  
21871,TGM - BEEF CUBES - KILO,15-Mar-24,15-Mar-24,KG,0.35,88,185.15,162.93,0,162.93  
21892,TGM - BEEF BREAKFAST STEAK - KILO,15-Mar-24,15-Mar-24,KG,0.55,88,337.36,296.88,0,296.88  
21901,TGM - OX TRIPE - KILO,15-Mar-24,15-Mar-24,KG,0.8,88,199.2,175.3,0,175.30  
21825,TGM - GROUND BEEF - KILO,16-Mar-24,16-Mar-24,KG,1.94,88,712.18,626.72,0,626.72  
21826,TGM - PORKCHOP SOBI - KILO,16-Mar-24,16-Mar-24,KG,2.36,88,847.24,745.57,0,745.57  
21828,TGM - PORK MARINATED BELLY - KILO,16-Mar-24,16-Mar-24,KG,0.49,88,237.17,186.35,22.36,208.71  
21834,TGM - REGULAR GROUND PORK - KILO,16-Mar-24,16-Mar-24,KG,0.51,88,142.29,125.22,0,125.22  
21841,TGM - LEAN GROUND PORK - KILO,16-Mar-24,16-Mar-24,KG,1.35,88,375.26,330.23,0,330.23  
21843,TGM - PORK STEAK - KILO,16-Mar-24,16-Mar-24,KG,1.54,88,518.68,456.44,0,456.44  
21851,TGM - PORK LIVER - KILO,16-Mar-24,16-Mar-24,KG,0.76,88,151.24,133.09,0,133.09  
21854,TGM - PORK PORKCHOP SKINLESS - KILO,16-Mar-24,16-Mar-24,KG,0.36,88,134.55,118.4,0,118.40  
21857,TGM - PORK SUKIYAKI CUT - KILO,16-Mar-24,16-Mar-24,KG,0.58,88,237.22,208.75,0,208.75  
21862,TGM - PORKCHOP BONELESS - KILO,16-Mar-24,16-Mar-24,KG,1.5,88,596.51,524.93,0,524.93  
21866,TGM - PORK ADOBO CUT - KILO,16-Mar-24,16-Mar-24,KG,5.41,88,"1,778.25","1,564.86",0,"1,564.86  "
21870,TGM - KASIM SOBL - KILO,16-Mar-24,16-Mar-24,KG,0.43,88,150.07,132.06,0,132.06  
21871,TGM - BEEF CUBES - KILO,16-Mar-24,16-Mar-24,KG,1.04,88,547.52,481.82,0,481.82  
21920,TGM - BEEF SUKIYAKI - KILO,16-Mar-24,16-Mar-24,KG,0.55,86,342.81,294.82,0,294.82  
21825,TGM - GROUND BEEF - KILO,17-Mar-24,17-Mar-24,KG,1.79,88,658.67,579.63,0,579.63  
21828,TGM - PORK MARINATED BELLY - KILO,17-Mar-24,17-Mar-24,KG,0.47,88,227.39,178.66,21.44,200.10  
21834,TGM - REGULAR GROUND PORK - KILO,17-Mar-24,17-Mar-24,KG,0.24,88,66.96,58.92,0,58.92  
21837,TGM - PORK SINIGANG CUT - KILO,17-Mar-24,17-Mar-24,KG,0.57,88,139.02,122.34,0,122.34  
21838,TGM - PORK MENUDO CUT - KILO,17-Mar-24,17-Mar-24,KG,3.34,88,"1,097.22",965.55,0,965.55  
21843,TGM - PORK STEAK - KILO,17-Mar-24,17-Mar-24,KG,4.1,88,"1,365.16","1,201.34",0,"1,201.34  "
21854,TGM - PORK PORKCHOP SKINLESS - KILO,17-Mar-24,17-Mar-24,KG,1.47,88,557.13,490.27,0,490.27  
21857,TGM - PORK SUKIYAKI CUT - KILO,17-Mar-24,17-Mar-24,KG,0.89,88,343.87,302.61,0,302.61  
21859,TGM - PORK BACON SLICE - KILO,17-Mar-24,17-Mar-24,KG,0.33,88,154.77,136.2,0,136.20  
21862,TGM - PORKCHOP BONELESS - KILO,17-Mar-24,17-Mar-24,KG,1.09,88,432.92,380.97,0,380.97  
21866,TGM - PORK ADOBO CUT - KILO,17-Mar-24,17-Mar-24,KG,1.64,88,539.56,474.81,0,474.81  
21892,TGM - BEEF BREAKFAST STEAK - KILO,17-Mar-24,17-Mar-24,KG,0.45,88,275.46,242.4,0,242.40  
21920,TGM - BEEF SUKIYAKI - KILO,17-Mar-24,17-Mar-24,KG,1.3,86,808.28,695.12,0,695.12  
21825,TGM - GROUND BEEF - KILO,18-Mar-24,18-Mar-24,KG,1.01,88,370.85,326.35,0,326.35  
21826,TGM - PORKCHOP SOBI - KILO,18-Mar-24,18-Mar-24,KG,0.69,88,233.62,205.59,0,205.59  
21832,TGM - PORK BELLY SOBI - KILO,18-Mar-24,18-Mar-24,KG,0.26,88,114.14,100.44,0,100.44  
21834,TGM - REGULAR GROUND PORK - KILO,18-Mar-24,18-Mar-24,KG,1.83,88,509.18,448.08,0,448.08  
21843,TGM - PORK STEAK - KILO,18-Mar-24,18-Mar-24,KG,0.44,88,141.74,124.73,0,124.73  
21844,TGM - PORK BABY BACK RIBS - KILO,18-Mar-24,18-Mar-24,KG,1.75,88,785.75,691.46,0,691.46  
21846,TGM - PORK RIB SHOULDER - KILO,18-Mar-24,18-Mar-24,KG,1.97,88,744.74,655.37,0,655.37  
21851,TGM - PORK LIVER - KILO,18-Mar-24,18-Mar-24,KG,1.4,88,278.6,245.17,0,245.17  
21859,TGM - PORK BACON SLICE - KILO,18-Mar-24,18-Mar-24,KG,0.41,88,189.95,167.16,0,167.16  
21865,TGM - PORK SAMGYEOPSAL - KILO,18-Mar-24,18-Mar-24,KG,0.38,88,178.22,156.83,0,156.83  
21866,TGM - PORK ADOBO CUT - KILO,18-Mar-24,18-Mar-24,KG,1.39,88,454.03,399.55,0,399.55  
21868,TGM - KASIM SLBL - KILO,18-Mar-24,18-Mar-24,KG,0.48,88,151.53,133.35,0,133.35  
21871,TGM - BEEF CUBES - KILO,18-Mar-24,18-Mar-24,KG,0.68,88,341.73,300.72,0,300.72  
21890,TGM - BEEF MECHADO - KILO,18-Mar-24,18-Mar-24,KG,1.71,88,921.69,811.09,0,811.09  
21920,TGM - BEEF SUKIYAKI - KILO,18-Mar-24,18-Mar-24,KG,1.39,86,862.05,741.36,0,741.36  
21825,TGM - GROUND BEEF - KILO,19-Mar-24,19-Mar-24,KG,0.33,88,119.93,105.54,0,105.54  
21828,TGM - PORK MARINATED BELLY - KILO,19-Mar-24,19-Mar-24,KG,0.97,88,471.89,370.77,44.49,415.26  
21834,TGM - REGULAR GROUND PORK - KILO,19-Mar-24,19-Mar-24,KG,0.19,88,51.62,45.43,0,45.43  
21838,TGM - PORK MENUDO CUT - KILO,19-Mar-24,19-Mar-24,KG,1.01,88,330.65,290.97,0,290.97  
21841,TGM - LEAN GROUND PORK - KILO,19-Mar-24,19-Mar-24,KG,0.43,88,118.58,104.35,0,104.35  
21843,TGM - PORK STEAK - KILO,19-Mar-24,19-Mar-24,KG,3.42,88,"1,124.65",989.69,0,989.69  
21844,TGM - PORK BABY BACK RIBS - KILO,19-Mar-24,19-Mar-24,KG,3.05,88,"1,345.88","1,184.37",0,"1,184.37  "
21878,TGM - BEEF KALITIRAN - KILO,19-Mar-24,19-Mar-24,KG,0.86,88,473.04,416.28,0,416.28  
21881,TGM - BEEF BRISKET BL - KILO,19-Mar-24,19-Mar-24,KG,0.41,88,218.3,192.1,0,192.10  
21890,TGM - BEEF MECHADO - KILO,19-Mar-24,19-Mar-24,KG,1.06,88,568.65,500.41,0,500.41  
21892,TGM - BEEF BREAKFAST STEAK - KILO,19-Mar-24,19-Mar-24,KG,0.35,88,213.56,187.93,0,187.93  
21921,TGM - PORK LECHON KAWALI - KILO,19-Mar-24,19-Mar-24,KG,0.92,86,365.09,313.98,0,313.98  
104086256,TGM - BEEF SAMGYUPSAL 500G - PACK,20-Mar-24,20-Mar-24,EA,1,88,375,330,0,330.00  
21825,TGM - GROUND BEEF - KILO,20-Mar-24,20-Mar-24,KG,1.56,88,564.39,496.66,0,496.66  
21832,TGM - PORK BELLY SOBI - KILO,20-Mar-24,20-Mar-24,KG,1.12,88,491.68,432.68,0,432.68  
21834,TGM - REGULAR GROUND PORK - KILO,20-Mar-24,20-Mar-24,KG,2.46,88,683.56,601.53,0,601.53  
21837,TGM - PORK SINIGANG CUT - KILO,20-Mar-24,20-Mar-24,KG,0.93,88,240.87,211.97,0,211.97  
21838,TGM - PORK MENUDO CUT - KILO,20-Mar-24,20-Mar-24,KG,0.64,88,208.92,183.85,0,183.85  
21841,TGM - LEAN GROUND PORK - KILO,20-Mar-24,20-Mar-24,KG,0.34,88,94.86,83.48,0,83.48  
21843,TGM - PORK STEAK - KILO,20-Mar-24,20-Mar-24,KG,1.35,88,452.58,398.27,0,398.27  
21844,TGM - PORK BABY BACK RIBS - KILO,20-Mar-24,20-Mar-24,KG,4.27,88,"1,912.75","1,683.22",0,"1,683.22  "
21846,TGM - PORK RIB SHOULDER - KILO,20-Mar-24,20-Mar-24,KG,0.53,88,190.83,167.93,0,167.93  
21854,TGM - PORK PORKCHOP SKINLESS - KILO,20-Mar-24,20-Mar-24,KG,0.78,88,295.62,260.15,0,260.15  
21857,TGM - PORK SUKIYAKI CUT - KILO,20-Mar-24,20-Mar-24,KG,0.51,88,239.19,210.49,0,210.49  
21859,TGM - PORK BACON SLICE - KILO,20-Mar-24,20-Mar-24,KG,0.99,88,464.31,408.59,0,408.59  
21862,TGM - PORKCHOP BONELESS - KILO,20-Mar-24,20-Mar-24,KG,0.35,88,139.65,122.89,0,122.89  
21865,TGM - PORK SAMGYEOPSAL - KILO,20-Mar-24,20-Mar-24,KG,0.32,88,150.08,132.07,0,132.07  
21866,TGM - PORK ADOBO CUT - KILO,20-Mar-24,20-Mar-24,KG,1.56,88,513.24,451.65,0,451.65  
21871,TGM - BEEF CUBES - KILO,20-Mar-24,20-Mar-24,KG,1.15,88,608.35,535.35,0,535.35  
21892,TGM - BEEF BREAKFAST STEAK - KILO,20-Mar-24,20-Mar-24,KG,0.53,88,328.07,288.7,0,288.70  
21920,TGM - BEEF SUKIYAKI - KILO,20-Mar-24,20-Mar-24,KG,1.89,86,"1,179.39","1,014.28",0,"1,014.28  "
21825,TGM - GROUND BEEF - KILO,21-Mar-24,21-Mar-24,KG,1.33,88,470.39,413.94,0,413.94  
21828,TGM - PORK MARINATED BELLY - KILO,21-Mar-24,21-Mar-24,KG,0.48,88,234.72,184.42,22.13,206.55  
21834,TGM - REGULAR GROUND PORK - KILO,21-Mar-24,21-Mar-24,KG,0.35,88,97.65,85.93,0,85.93  
21838,TGM - PORK MENUDO CUT - KILO,21-Mar-24,21-Mar-24,KG,0.51,88,167.79,147.66,0,147.66  
21843,TGM - PORK STEAK - KILO,21-Mar-24,21-Mar-24,KG,1.38,88,466.13,410.19,0,410.19  
21844,TGM - PORK BABY BACK RIBS - KILO,21-Mar-24,21-Mar-24,KG,1.75,88,785.75,691.46,0,691.46  
21859,TGM - PORK BACON SLICE - KILO,21-Mar-24,21-Mar-24,KG,1.46,88,682.4,600.51,0,600.51  
21862,TGM - PORKCHOP BONELESS - KILO,21-Mar-24,21-Mar-24,KG,0.65,88,259.35,228.23,0,228.23  
21866,TGM - PORK ADOBO CUT - KILO,21-Mar-24,21-Mar-24,KG,0.94,88,309.26,272.15,0,272.15  
21870,TGM - KASIM SOBL - KILO,21-Mar-24,21-Mar-24,KG,0.71,88,233.75,205.7,0,205.70  
21871,TGM - BEEF CUBES - KILO,21-Mar-24,21-Mar-24,KG,0.53,88,277.73,244.4,0,244.40  
21873,TGM - BEEF SIRLOIN - KILO,21-Mar-24,21-Mar-24,KG,1.76,88,"1,124.64",989.68,0,989.68  
21832,TGM - PORK BELLY SOBI - KILO,22-Mar-24,22-Mar-24,KG,0.6,88,261.21,229.86,0,229.86  
21834,TGM - REGULAR GROUND PORK - KILO,22-Mar-24,22-Mar-24,KG,1,88,279,245.52,0,245.52  
21837,TGM - PORK SINIGANG CUT - KILO,22-Mar-24,22-Mar-24,KG,1.11,88,287.49,252.99,0,252.99  
21838,TGM - PORK MENUDO CUT - KILO,22-Mar-24,22-Mar-24,KG,1.34,88,435.27,383.04,0,383.04  
21839,TGM - PATA SLICED - KILO,22-Mar-24,22-Mar-24,KG,0.99,88,356.45,313.68,0,313.68  
21841,TGM - LEAN GROUND PORK - KILO,22-Mar-24,22-Mar-24,KG,1.58,88,439.43,386.7,0,386.70  
21843,TGM - PORK STEAK - KILO,22-Mar-24,22-Mar-24,KG,4.04,88,"1,314.91","1,157.12",0,"1,157.12  "
21844,TGM - PORK BABY BACK RIBS - KILO,22-Mar-24,22-Mar-24,KG,3.61,88,"1,618.65","1,424.41",0,"1,424.41  "
21854,TGM - PORK PORKCHOP SKINLESS - KILO,22-Mar-24,22-Mar-24,KG,3.23,88,"1,207.69","1,062.77",0,"1,062.77  "
21855,TGM - PORK TENDERLOIN - KILO,22-Mar-24,22-Mar-24,KG,0.88,88,401.63,353.43,0,353.43  
21857,TGM - PORK SUKIYAKI CUT - KILO,22-Mar-24,22-Mar-24,KG,0.66,88,309.54,272.4,0,272.40  
21859,TGM - PORK BACON SLICE - KILO,22-Mar-24,22-Mar-24,KG,0.45,88,208.71,183.66,0,183.66  
21862,TGM - PORKCHOP BONELESS - KILO,22-Mar-24,22-Mar-24,KG,0.92,88,348.73,306.88,0,306.88  
21866,TGM - PORK ADOBO CUT - KILO,22-Mar-24,22-Mar-24,KG,1.64,88,537.92,473.37,0,473.37  
21869,TGM - PIGUE SOBL - KILO,22-Mar-24,22-Mar-24,KG,1.9,88,661.36,582,0,582.00  
21878,TGM - BEEF KALITIRAN - KILO,22-Mar-24,22-Mar-24,KG,1.27,88,735.33,647.09,0,647.09  
21892,TGM - BEEF BREAKFAST STEAK - KILO,22-Mar-24,22-Mar-24,KG,0.29,88,170.53,150.07,0,150.07  
21920,TGM - BEEF SUKIYAKI - KILO,22-Mar-24,22-Mar-24,KG,1.33,86,830.29,714.05,0,714.05  
21825,TGM - GROUND BEEF - KILO,23-Mar-24,23-Mar-24,KG,1.29,88,474.17,417.27,0,417.27  
21832,TGM - PORK BELLY SOBI - KILO,23-Mar-24,23-Mar-24,KG,0.83,88,359.99,316.79,0,316.79  
21834,TGM - REGULAR GROUND PORK - KILO,23-Mar-24,23-Mar-24,KG,0.85,88,228.65,201.21,0,201.21  
21837,TGM - PORK SINIGANG CUT - KILO,23-Mar-24,23-Mar-24,KG,2.21,88,554.72,488.15,0,488.15  
21843,TGM - PORK STEAK - KILO,23-Mar-24,23-Mar-24,KG,2.32,88,755.8,665.1,0,665.10  
21854,TGM - PORK PORKCHOP SKINLESS - KILO,23-Mar-24,23-Mar-24,KG,1.13,88,428.27,376.88,0,376.88  
21862,TGM - PORKCHOP BONELESS - KILO,23-Mar-24,23-Mar-24,KG,1.74,88,694.26,610.95,0,610.95  
21866,TGM - PORK ADOBO CUT - KILO,23-Mar-24,23-Mar-24,KG,1.06,88,347.1,305.45,0,305.45  
21873,TGM - BEEF SIRLOIN - KILO,23-Mar-24,23-Mar-24,KG,2.18,88,"1,345.84","1,184.34",0,"1,184.34  "
21832,TGM - PORK BELLY SOBI - KILO,24-Mar-24,24-Mar-24,KG,1.98,88,867.03,762.99,0,762.99  
21834,TGM - REGULAR GROUND PORK - KILO,24-Mar-24,24-Mar-24,KG,1.63,88,451.99,397.75,0,397.75  
21837,TGM - PORK SINIGANG CUT - KILO,24-Mar-24,24-Mar-24,KG,1,88,257.71,226.78,0,226.78  
21838,TGM - PORK MENUDO CUT - KILO,24-Mar-24,24-Mar-24,KG,2.07,88,679.39,597.86,0,597.86  
21843,TGM - PORK STEAK - KILO,24-Mar-24,24-Mar-24,KG,1.12,88,368.24,324.05,0,324.05  
21844,TGM - PORK BABY BACK RIBS - KILO,24-Mar-24,24-Mar-24,KG,2.12,88,947.4,833.71,0,833.71  
21846,TGM - PORK RIB SHOULDER - KILO,24-Mar-24,24-Mar-24,KG,0.9,88,339.21,298.5,0,298.50  
21854,TGM - PORK PORKCHOP SKINLESS - KILO,24-Mar-24,24-Mar-24,KG,3.29,88,"1,233.38","1,085.37",0,"1,085.37  "
21857,TGM - PORK SUKIYAKI CUT - KILO,24-Mar-24,24-Mar-24,KG,0.78,88,354.35,311.83,0,311.83  
21859,TGM - PORK BACON SLICE - KILO,24-Mar-24,24-Mar-24,KG,0.41,88,192.29,169.22,0,169.22  
21862,TGM - PORKCHOP BONELESS - KILO,24-Mar-24,24-Mar-24,KG,1.01,88,402.99,354.63,0,354.63  
21866,TGM - PORK ADOBO CUT - KILO,24-Mar-24,24-Mar-24,KG,4.53,88,"1,450.99","1,276.87",0,"1,276.87  "
21878,TGM - BEEF KALITIRAN - KILO,24-Mar-24,24-Mar-24,KG,0.57,88,327.14,287.88,0,287.88  
21892,TGM - BEEF BREAKFAST STEAK - KILO,24-Mar-24,24-Mar-24,KG,0.52,88,321.88,283.25,0,283.25  
21893,TGM - BEEF STROGANOFF - KILO,24-Mar-24,24-Mar-24,KG,0.72,88,452.88,398.53,0,398.53  
21920,TGM - BEEF SUKIYAKI - KILO,24-Mar-24,24-Mar-24,KG,0.3,86,188.7,162.28,0,162.28  
21921,TGM - PORK LECHON KAWALI - KILO,24-Mar-24,24-Mar-24,KG,1.54,86,614.46,528.44,0,528.44  
104086242,TGM - BELLY SKIN ON BONE IN 500G - PACK,25-Mar-24,25-Mar-24,EA,1,88,237.5,209,0,209.00  
104086246,TGM - MENUDO CUT 500G - PACK,25-Mar-24,25-Mar-24,EA,2,88,361,317.68,0,317.68  
21832,TGM - PORK BELLY SOBI - KILO,25-Mar-24,25-Mar-24,KG,0.53,88,232.67,204.75,0,204.75  
21834,TGM - REGULAR GROUND PORK - KILO,25-Mar-24,25-Mar-24,KG,2.22,88,618,543.84,0,543.84  
21841,TGM - LEAN GROUND PORK - KILO,25-Mar-24,25-Mar-24,KG,0.76,88,212.04,186.6,0,186.60  
21843,TGM - PORK STEAK - KILO,25-Mar-24,25-Mar-24,KG,3.37,88,"1,123.29",988.5,0,988.50  
21844,TGM - PORK BABY BACK RIBS - KILO,25-Mar-24,25-Mar-24,KG,1.93,88,864.33,760.61,0,760.61  
21846,TGM - PORK RIB SHOULDER - KILO,25-Mar-24,25-Mar-24,KG,0.9,88,322.25,283.58,0,283.58  
21851,TGM - PORK LIVER - KILO,25-Mar-24,25-Mar-24,KG,1.44,88,285.57,251.3,0,251.30  
21854,TGM - PORK PORKCHOP SKINLESS - KILO,25-Mar-24,25-Mar-24,KG,1.66,88,616.17,542.23,0,542.23  
21859,TGM - PORK BACON SLICE - KILO,25-Mar-24,25-Mar-24,KG,0.7,88,325.96,286.84,0,286.84  
21862,TGM - PORKCHOP BONELESS - KILO,25-Mar-24,25-Mar-24,KG,1.42,88,560.61,493.34,0,493.34  
21866,TGM - PORK ADOBO CUT - KILO,25-Mar-24,25-Mar-24,KG,0.75,88,245.11,215.7,0,215.70  
21920,TGM - BEEF SUKIYAKI - KILO,25-Mar-24,25-Mar-24,KG,1.64,86,"1,022.14",879.04,0,879.04  
21825,TGM - GROUND BEEF - KILO,26-Mar-24,26-Mar-24,KG,0.56,88,196.31,172.75,0,172.75  
21826,TGM - PORKCHOP SOBI - KILO,26-Mar-24,26-Mar-24,KG,1.1,88,394.9,347.51,0,347.51  
21828,TGM - PORK MARINATED BELLY - KILO,26-Mar-24,26-Mar-24,KG,0.48,88,232.28,182.51,21.9,204.41  
21832,TGM - PORK BELLY SOBI - KILO,26-Mar-24,26-Mar-24,KG,0.71,88,307.31,270.43,0,270.43  
21834,TGM - REGULAR GROUND PORK - KILO,26-Mar-24,26-Mar-24,KG,0.3,88,82.31,72.43,0,72.43  
21837,TGM - PORK SINIGANG CUT - KILO,26-Mar-24,26-Mar-24,KG,0.97,88,251.23,221.08,0,221.08  
21838,TGM - PORK MENUDO CUT - KILO,26-Mar-24,26-Mar-24,KG,0.22,88,68.76,60.51,0,60.51  
21843,TGM - PORK STEAK - KILO,26-Mar-24,26-Mar-24,KG,1.29,88,422.66,371.94,0,371.94  
21844,TGM - PORK BABY BACK RIBS - KILO,26-Mar-24,26-Mar-24,KG,3.56,88,"1,578.01","1,388.65",0,"1,388.65  "
21851,TGM - PORK LIVER - KILO,26-Mar-24,26-Mar-24,KG,1.3,88,256.72,225.91,0,225.91  
21854,TGM - PORK PORKCHOP SKINLESS - KILO,26-Mar-24,26-Mar-24,KG,0.47,88,176.24,155.09,0,155.09  
21859,TGM - PORK BACON SLICE - KILO,26-Mar-24,26-Mar-24,KG,1.34,88,623.78,548.93,0,548.93  
21862,TGM - PORKCHOP BONELESS - KILO,26-Mar-24,26-Mar-24,KG,1,88,399,351.12,0,351.12  
21866,TGM - PORK ADOBO CUT - KILO,26-Mar-24,26-Mar-24,KG,2.85,88,934.37,822.25,0,822.25  
21869,TGM - PIGUE SOBL - KILO,26-Mar-24,26-Mar-24,KG,2.05,88,695.56,612.09,0,612.09  
21893,TGM - BEEF STROGANOFF - KILO,26-Mar-24,26-Mar-24,KG,0.29,88,182.41,160.52,0,160.52  
21920,TGM - BEEF SUKIYAKI - KILO,26-Mar-24,26-Mar-24,KG,0.59,86,367.97,316.45,0,316.45  
21825,TGM - GROUND BEEF - KILO,27-Mar-24,27-Mar-24,KG,1.96,88,721.4,634.83,0,634.83  
21828,TGM - PORK MARINATED BELLY - KILO,27-Mar-24,27-Mar-24,KG,0.41,88,198.05,155.61,18.67,174.28  
21829,TGM - PORK BBQ SKEWERED - KILO,27-Mar-24,27-Mar-24,KG,0.46,88,195.2,153.37,18.4,171.78  
21832,TGM - PORK BELLY SOBI - KILO,27-Mar-24,27-Mar-24,KG,1.69,88,739.72,650.95,0,650.95  
21834,TGM - REGULAR GROUND PORK - KILO,27-Mar-24,27-Mar-24,KG,2.35,88,654.26,575.75,0,575.75  
21843,TGM - PORK STEAK - KILO,27-Mar-24,27-Mar-24,KG,4.91,88,"1,642.13","1,445.07",0,"1,445.07  "
21844,TGM - PORK BABY BACK RIBS - KILO,27-Mar-24,27-Mar-24,KG,4.61,88,"2,047.44","1,801.75",0,"1,801.75  "
21848,TGM - PORK BUTTERFLY CUT - KILO,27-Mar-24,27-Mar-24,KG,0.3,88,111.81,98.39,0,98.39  
21851,TGM - PORK LIVER - KILO,27-Mar-24,27-Mar-24,KG,1.48,88,293.53,258.31,0,258.31  
21854,TGM - PORK PORKCHOP SKINLESS - KILO,27-Mar-24,27-Mar-24,KG,1.96,88,740.96,652.04,0,652.04  
21857,TGM - PORK SUKIYAKI CUT - KILO,27-Mar-24,27-Mar-24,KG,0.73,88,323.02,284.26,0,284.26  
21859,TGM - PORK BACON SLICE - KILO,27-Mar-24,27-Mar-24,KG,1.92,88,877.27,772,0,772.00  
21862,TGM - PORKCHOP BONELESS - KILO,27-Mar-24,27-Mar-24,KG,1.04,88,404.2,355.7,0,355.70  
21865,TGM - PORK SAMGYEOPSAL - KILO,27-Mar-24,27-Mar-24,KG,0.93,88,422.66,371.94,0,371.94  
21866,TGM - PORK ADOBO CUT - KILO,27-Mar-24,27-Mar-24,KG,0.46,88,151.34,133.18,0,133.18  
21873,TGM - BEEF SIRLOIN - KILO,27-Mar-24,27-Mar-24,KG,1,88,639,562.32,0,562.32  
21890,TGM - BEEF MECHADO - KILO,27-Mar-24,27-Mar-24,KG,1.02,88,549.78,483.81,0,483.81  
21892,TGM - BEEF BREAKFAST STEAK - KILO,27-Mar-24,27-Mar-24,KG,1.02,88,631.38,555.61,0,555.61  
21893,TGM - BEEF STROGANOFF - KILO,27-Mar-24,27-Mar-24,KG,1.03,88,644.73,567.36,0,567.36  
21920,TGM - BEEF SUKIYAKI - KILO,27-Mar-24,27-Mar-24,KG,0.73,86,456.03,392.19,0,392.19  
21921,TGM - PORK LECHON KAWALI - KILO,27-Mar-24,27-Mar-24,KG,3.29,86,"1,308.73","1,125.51",0,"1,125.51  "
21825,TGM - GROUND BEEF - KILO,30-Mar-24,30-Mar-24,KG,0.35,88,129.15,113.65,0,113.65  
21832,TGM - PORK BELLY SOBI - KILO,30-Mar-24,30-Mar-24,KG,1.27,88,555.34,488.7,0,488.70  
21834,TGM - REGULAR GROUND PORK - KILO,30-Mar-24,30-Mar-24,KG,0.76,88,210.65,185.37,0,185.37  
21841,TGM - LEAN GROUND PORK - KILO,30-Mar-24,30-Mar-24,KG,0.26,88,71.15,62.61,0,62.61  
21843,TGM - PORK STEAK - KILO,30-Mar-24,30-Mar-24,KG,1.1,88,372.9,328.15,0,328.15  
21844,TGM - PORK BABY BACK RIBS - KILO,30-Mar-24,30-Mar-24,KG,4.5,88,"2,020.50","1,778.04",0,"1,778.04  "
21848,TGM - PORK BUTTERFLY CUT - KILO,30-Mar-24,30-Mar-24,KG,0.68,88,257.72,226.79,0,226.79  
21851,TGM - PORK LIVER - KILO,30-Mar-24,30-Mar-24,KG,1.35,88,267.66,235.54,0,235.54  
21854,TGM - PORK PORKCHOP SKINLESS - KILO,30-Mar-24,30-Mar-24,KG,0.1,88,37.9,33.35,0,33.35  
21857,TGM - PORK SUKIYAKI CUT - KILO,30-Mar-24,30-Mar-24,KG,0.95,88,445.55,392.08,0,392.08  
21878,TGM - BEEF KALITIRAN - KILO,30-Mar-24,30-Mar-24,KG,0.5,88,286.61,252.22,0,252.22  
21892,TGM - BEEF BREAKFAST STEAK - KILO,30-Mar-24,30-Mar-24,KG,0.17,88,102.14,89.88,0,89.88  
21825,TGM - GROUND BEEF - KILO,31-Mar-24,31-Mar-24,KG,1.26,88,463.1,407.53,0,407.53  
21826,TGM - PORKCHOP SOBI - KILO,31-Mar-24,31-Mar-24,KG,0.49,88,183.82,161.76,0,161.76  
21828,TGM - PORK MARINATED BELLY - KILO,31-Mar-24,31-Mar-24,KG,0.82,88,398.54,313.14,37.58,350.72  
21829,TGM - PORK BBQ SKEWERED - KILO,31-Mar-24,31-Mar-24,KG,0.45,88,193.05,151.68,18.2,169.88  
21832,TGM - PORK BELLY SOBI - KILO,31-Mar-24,31-Mar-24,KG,0.26,88,114.14,100.44,0,100.44  
21834,TGM - REGULAR GROUND PORK - KILO,31-Mar-24,31-Mar-24,KG,3.72,88,"1,035.10",910.89,0,910.89  
21838,TGM - PORK MENUDO CUT - KILO,31-Mar-24,31-Mar-24,KG,1.98,88,649.78,571.81,0,571.81  
21843,TGM - PORK STEAK - KILO,31-Mar-24,31-Mar-24,KG,5.76,88,"1,873.33","1,648.53",0,"1,648.53  "
21844,TGM - PORK BABY BACK RIBS - KILO,31-Mar-24,31-Mar-24,KG,3.38,88,"1,517.62","1,335.51",0,"1,335.51  "
21854,TGM - PORK PORKCHOP SKINLESS - KILO,31-Mar-24,31-Mar-24,KG,0.3,88,111.81,98.39,0,98.39  
21862,TGM - PORKCHOP BONELESS - KILO,31-Mar-24,31-Mar-24,KG,1.5,88,594.52,523.18,0,523.18  
21866,TGM - PORK ADOBO CUT - KILO,31-Mar-24,31-Mar-24,KG,1.85,88,605.37,532.73,0,532.73  
21869,TGM - PIGUE SOBL - KILO,31-Mar-24,31-Mar-24,KG,0.76,88,263.5,231.88,0,231.88  
21870,TGM - KASIM SOBL - KILO,31-Mar-24,31-Mar-24,KG,0.54,88,188.46,165.84,0,165.84  
21920,TGM - BEEF SUKIYAKI - KILO,31-Mar-24,31-Mar-24,KG,0.34,86,213.86,183.92,0,183.92  
21921,TGM - PORK LECHON KAWALI - KILO,31-Mar-24,31-Mar-24,KG,0.75,86,299.25,257.36,0,257.36  
Total Amount (PHP) :,,,,,,,"216,879.60","190,198.76",337.14,"190,535.90"
,,,,,,,,,,
,,,,,,,,,,
,,,,,,,,,,
,,,,,,,,,,
SKU wise summary:-,,,,,,,,,,
,,,,,,,,,,
Item Summary #,SKU,Description,QTY,Concession Amt ,Input VAT,Concession Amt,,,,
,,,,(Excl of VAT),,(Incl of VAT),,,,
1,104086242,TGM - BELLY SKIN ON BONE IN 500G - PACK,1,209,0,209.00  ,,,,
2,104086246,TGM - MENUDO CUT 500G - PACK,2,317.68,0,317.68  ,,,,
3,104086256,TGM - BEEF SAMGYUPSAL 500G - PACK,4,"1,303.50",0,"1,303.50  ",,,,
4,21825,TGM - GROUND BEEF - KILO,31.31,"10,069.28",0,"10,069.28  ",,,,
5,21826,TGM - PORKCHOP SOBI - KILO,10.75,"3,368.13",0,"3,368.13  ",,,,
6,21828,TGM - PORK MARINATED BELLY - KILO,6.59,"2,504.44",300.53,"2,804.97  ",,,,
7,21829,TGM - PORK BBQ SKEWERED - KILO,0.91,305.05,36.61,341.66  ,,,,
8,21832,TGM - PORK BELLY SOBI - KILO,22.74,"8,738.67",0,"8,738.67  ",,,,
9,21834,TGM - REGULAR GROUND PORK - KILO,28.76,"7,018.02",0,"7,018.02  ",,,,
10,21837,TGM - PORK SINIGANG CUT - KILO,20.7,"4,646.40",0,"4,646.40  ",,,,
11,21838,TGM - PORK MENUDO CUT - KILO,20.57,"5,928.83",0,"5,928.83  ",,,,
12,21839,TGM - PATA SLICED - KILO,0.99,313.68,0,313.68  ,,,,
13,21841,TGM - LEAN GROUND PORK - KILO,21.71,"5,306.92",0,"5,306.92  ",,,,
14,21842,TGM - PATA FRONT - KILO,7.01,"2,130.65",0,"2,130.65  ",,,,
15,21843,TGM - PORK STEAK - KILO,62.91,"18,371.15",0,"18,371.15  ",,,,
16,21844,TGM - PORK BABY BACK RIBS - KILO,72.93,"28,649.26",0,"28,649.26  ",,,,
17,21846,TGM - PORK RIB SHOULDER - KILO,16.72,"5,483.85",0,"5,483.85  ",,,,
18,21848,TGM - PORK BUTTERFLY CUT - KILO,2.78,911.59,0,911.59  ,,,,
19,21849,TGM - PORK CUTLETS - KILO,2.14,770.23,0,770.23  ,,,,
20,21851,TGM - PORK LIVER - KILO,10.69,"1,857.68",0,"1,857.68  ",,,,
21,21854,TGM - PORK PORKCHOP SKINLESS - KILO,28.2,"9,320.65",0,"9,320.65  ",,,,
22,21855,TGM - PORK TENDERLOIN - KILO,1.71,686.67,0,686.67  ,,,,
23,21857,TGM - PORK SUKIYAKI CUT - KILO,9.62,"3,826.88",0,"3,826.88  ",,,,
24,21859,TGM - PORK BACON SLICE - KILO,11.83,"4,847.64",0,"4,847.64  ",,,,
25,21862,TGM - PORKCHOP BONELESS - KILO,28.57,"9,965.48",0,"9,965.48  ",,,,
26,21865,TGM - PORK SAMGYEOPSAL - KILO,4.07,"1,663.76",0,"1,663.76  ",,,,
27,21866,TGM - PORK ADOBO CUT - KILO,37.75,"10,846.26",0,"10,846.26  ",,,,
28,21868,TGM - KASIM SLBL - KILO,1.24,345.29,0,345.29  ,,,,
29,21869,TGM - PIGUE SOBL - KILO,9.38,"2,857.16",0,"2,857.16  ",,,,
30,21870,TGM - KASIM SOBL - KILO,12.02,"3,673.10",0,"3,673.10  ",,,,
31,21871,TGM - BEEF CUBES - KILO,4.99,"2,297.82",0,"2,297.82  ",,,,
32,21873,TGM - BEEF SIRLOIN - KILO,6.9,"3,832.88",0,"3,832.88  ",,,,
33,21878,TGM - BEEF KALITIRAN - KILO,3.2,"1,603.47",0,"1,603.47  ",,,,
34,21881,TGM - BEEF BRISKET BL - KILO,3.54,"1,646.86",0,"1,646.86  ",,,,
35,21882,TGM - BEEF RIB EYE STEAK - KILO,1.27,878.32,0,878.32  ,,,,
36,21890,TGM - BEEF MECHADO - KILO,6.7,"3,170.84",0,"3,170.84  ",,,,
37,21892,TGM - BEEF BREAKFAST STEAK - KILO,7.78,"4,194.12",0,"4,194.12  ",,,,
38,21893,TGM - BEEF STROGANOFF - KILO,2.36,"1,303.54",0,"1,303.54  ",,,,
39,21897,TGM - BEEF SUKIYAKI CUT - KILO,0.52,283.33,0,283.33  ,,,,
40,21901,TGM - OX TRIPE - KILO,4.9,"1,070.41",0,"1,070.41  ",,,,
41,21920,TGM - BEEF SUKIYAKI - KILO,17.81,"9,543.51",0,"9,543.51  ",,,,
42,21921,TGM - PORK LECHON KAWALI - KILO,12.19,"4,136.75",0,"4,136.75  ",,,,
,Total Amount (PHP) :,,,"190,198.76",337.14,"190,535.90",,,,
,,,,,,,,,,
,,,,,,,,,,
,,,,,,,,,,
,,,,,,,,,,
NOTE:  Concession Rate (%) = 100% - Latest Commission Rate of the Item ,,,,,,,,,,
,,,,,,,,,,
,,,,,,,,,,
,,,,,,,,,,
APPROVED BY:,,,,,,,,,,
,,,,,,,,,,
                                                       _______________________________,,,,,,,,,,
                                                               MERCHANDISING,,,,,,,,,,
,,,,,,,,,,
,,,,,,,,,,
End of Report ,,,,,,,,,,
