,1,Sales Liquidation By SKU,Report  Date: 03-04-2024 10:04,,,,,,,
,1,(Reference No:C_INVC_PO17304320),,,,,,,,
,1,,Page 1 Of 1,,,,,,,
,  1 1,,,,,,,,,
,,,,,,,,,,
,,,,,,,,,,
From Period: 01-MAR-2024  ,To period: 31-MAR-2024,  Reference No:   C_INVC_PO17304320          ,                            PO No: 17304320        ,,,,,,,
,,,,,,,,,,
CONCESSIONAIRE,,,,,,,,,,
Supplier Site:    ,903066   -   PILMICO ANIMAL NUTRITION CORPORATION                                                                                                                                      ,Store:    ,2002-SUPER METRO MANDAUE          ,,,,,,,
Supplier Site Address:,ABOITIZ CORPORATE CENTER GOV. MANUEL A. CUENCE AVE. KASAMBAGAN,Department:,2020  - Meat and Poultry          ,,,,,,,
,",CEBU CITY",,,,,,,,,
SKU and transaction date wise summary:-,,,,,,,,,,
,,,,,,,,,,
,,,,,,,,,,
SKU,Description,Tran Date,Post Date,Sell UOM,QTY,Concession ,Gross Sales Amt ,Concession Amt ,Input VAT,Concession Amt
,,,,,,Rate   (%),(Incl of VAT),(Excl of VAT),,(Incl of VAT)
21825,TGM - GROUND BEEF - KILO,1-Mar-24,1-Mar-24,KG,0.57,88,216.03,190.11,0,190.11  
21827,TGM - SHANGHAI MIX - KILO,1-Mar-24,1-Mar-24,KG,0.29,88,115.71,90.92,10.91,101.82  
21834,TGM - REGULAR GROUND PORK - KILO,1-Mar-24,1-Mar-24,KG,1.65,88,457.57,402.66,0,402.66  
21839,TGM - PATA SLICED - KILO,1-Mar-24,1-Mar-24,KG,1.51,88,465.05,409.24,0,409.24  
21841,TGM - LEAN GROUND PORK - KILO,1-Mar-24,1-Mar-24,KG,1.93,88,652.58,574.27,0,574.27  
21842,TGM - PATA FRONT - KILO,1-Mar-24,1-Mar-24,KG,1.89,88,527.8,464.46,0,464.46  
21851,TGM - PORK LIVER - KILO,1-Mar-24,1-Mar-24,KG,1.06,88,189.74,166.97,0,166.97  
21865,TGM - PORK SAMGYEOPSAL - KILO,1-Mar-24,1-Mar-24,KG,1.86,88,738.16,649.58,0,649.58  
21866,TGM - PORK ADOBO CUT - KILO,1-Mar-24,1-Mar-24,KG,1.64,88,541.2,476.26,0,476.26  
21892,TGM - BEEF BREAKFAST STEAK - KILO,1-Mar-24,1-Mar-24,KG,2.13,88,"1,169.37","1,029.05",0,"1,029.05  "
21923,TGM - PORK GINISA CUT - KILO,1-Mar-24,1-Mar-24,KG,0.57,86,159.03,136.77,0,136.77  
22841,TGM - PIGS FEET - KILO,1-Mar-24,1-Mar-24,KG,0.6,88,107.4,94.51,0,94.51  
22843,TGM - PORK SPARERIBS - KILO,1-Mar-24,1-Mar-24,KG,0.76,88,293.36,258.16,0,258.16  
21827,TGM - SHANGHAI MIX - KILO,2-Mar-24,2-Mar-24,KG,0.47,88,185.54,145.78,17.49,163.28  
21832,TGM - PORK BELLY SOBI - KILO,2-Mar-24,2-Mar-24,KG,2.87,88,"1,083.95",953.88,0,953.88  
21834,TGM - REGULAR GROUND PORK - KILO,2-Mar-24,2-Mar-24,KG,1.82,88,499.84,439.86,0,439.86  
21837,TGM - PORK SINIGANG CUT - KILO,2-Mar-24,2-Mar-24,KG,2.59,88,657.94,578.99,0,578.99  
21838,TGM - PORK MENUDO CUT - KILO,2-Mar-24,2-Mar-24,KG,0.18,88,62.82,55.28,0,55.28  
21839,TGM - PATA SLICED - KILO,2-Mar-24,2-Mar-24,KG,0.65,88,190.81,167.91,0,167.91  
21841,TGM - LEAN GROUND PORK - KILO,2-Mar-24,2-Mar-24,KG,1.57,88,523.25,460.46,0,460.46  
21842,TGM - PATA FRONT - KILO,2-Mar-24,4-Mar-24,KG,1.47,88,410.2,360.98,0,360.98  
21845,TGM - PORK CUBES - KILO,2-Mar-24,2-Mar-24,KG,0.73,88,245.78,216.29,0,216.29  
21851,TGM - PORK LIVER - KILO,2-Mar-24,2-Mar-24,KG,4.13,88,726.63,639.43,0,639.43  
21859,TGM - PORK BACON SLICE - KILO,2-Mar-24,2-Mar-24,KG,0.38,88,151.62,133.43,0,133.43  
21865,TGM - PORK SAMGYEOPSAL - KILO,2-Mar-24,2-Mar-24,KG,2.11,88,835.92,735.61,0,735.61  
21865,TGM - PORK SAMGYEOPSAL - KILO,2-Mar-24,4-Mar-24,KG,1.14,88,454.86,400.28,0,400.28  
21866,TGM - PORK ADOBO CUT - KILO,2-Mar-24,2-Mar-24,KG,2.2,88,724.35,637.43,0,637.43  
21866,TGM - PORK ADOBO CUT - KILO,2-Mar-24,4-Mar-24,KG,0.58,88,191.4,168.43,0,168.43  
21923,TGM - PORK GINISA CUT - KILO,2-Mar-24,2-Mar-24,KG,1.26,86,351.54,302.32,0,302.32  
21825,TGM - GROUND BEEF - KILO,3-Mar-24,3-Mar-24,KG,0.26,88,98.07,86.3,0,86.30  
21827,TGM - SHANGHAI MIX - KILO,3-Mar-24,3-Mar-24,KG,0.67,88,265.34,208.48,25.02,233.50  
21832,TGM - PORK BELLY SOBI - KILO,3-Mar-24,3-Mar-24,KG,2.57,88,972.14,855.48,0,855.48  
21834,TGM - REGULAR GROUND PORK - KILO,3-Mar-24,3-Mar-24,KG,1.54,88,428.27,376.88,0,376.88  
21837,TGM - PORK SINIGANG CUT - KILO,3-Mar-24,3-Mar-24,KG,1.32,88,341.88,300.85,0,300.85  
21839,TGM - PATA SLICED - KILO,3-Mar-24,3-Mar-24,KG,0.58,88,177.68,156.36,0,156.36  
21851,TGM - PORK LIVER - KILO,3-Mar-24,3-Mar-24,KG,1.65,88,294.46,259.12,0,259.12  
21859,TGM - PORK BACON SLICE - KILO,3-Mar-24,3-Mar-24,KG,0.55,88,217.46,191.36,0,191.36  
21865,TGM - PORK SAMGYEOPSAL - KILO,3-Mar-24,3-Mar-24,KG,2.43,88,969.58,853.23,0,853.23  
21866,TGM - PORK ADOBO CUT - KILO,3-Mar-24,3-Mar-24,KG,2.86,88,943.8,830.54,0,830.54  
21892,TGM - BEEF BREAKFAST STEAK - KILO,3-Mar-24,3-Mar-24,KG,0.15,88,79.61,70.06,0,70.06  
21923,TGM - PORK GINISA CUT - KILO,3-Mar-24,3-Mar-24,KG,0.3,86,83.7,71.98,0,71.98  
22843,TGM - PORK SPARERIBS - KILO,3-Mar-24,5-Mar-24,KG,0.86,88,351.74,309.53,0,309.53  
21825,TGM - GROUND BEEF - KILO,4-Mar-24,4-Mar-24,KG,1.77,88,668.94,588.67,0,588.67  
21832,TGM - PORK BELLY SOBI - KILO,4-Mar-24,4-Mar-24,KG,8.84,88,"3,346.58","2,944.99",0,"2,944.99  "
21837,TGM - PORK SINIGANG CUT - KILO,4-Mar-24,4-Mar-24,KG,3.03,88,770.34,677.9,0,677.90  
21838,TGM - PORK MENUDO CUT - KILO,4-Mar-24,4-Mar-24,KG,0.59,88,193.96,170.68,0,170.68  
21842,TGM - PATA FRONT - KILO,4-Mar-24,4-Mar-24,KG,1.32,88,369.6,325.25,0,325.25  
21923,TGM - PORK GINISA CUT - KILO,4-Mar-24,4-Mar-24,KG,1.01,86,280.4,241.14,0,241.14  
22843,TGM - PORK SPARERIBS - KILO,4-Mar-24,4-Mar-24,KG,1.1,88,447.86,394.12,0,394.12  
21825,TGM - GROUND BEEF - KILO,5-Mar-24,5-Mar-24,KG,1.18,88,445.33,391.89,0,391.89  
21827,TGM - SHANGHAI MIX - KILO,5-Mar-24,5-Mar-24,KG,0.71,88,283.29,222.58,26.71,249.30  
21832,TGM - PORK BELLY SOBI - KILO,5-Mar-24,5-Mar-24,KG,1.31,88,490.82,431.92,0,431.92  
21834,TGM - REGULAR GROUND PORK - KILO,5-Mar-24,5-Mar-24,KG,1.06,88,294.35,259.03,0,259.03  
21837,TGM - PORK SINIGANG CUT - KILO,5-Mar-24,5-Mar-24,KG,1.1,88,283.61,249.58,0,249.58  
21838,TGM - PORK MENUDO CUT - KILO,5-Mar-24,5-Mar-24,KG,0.58,88,202.42,178.13,0,178.13  
21841,TGM - LEAN GROUND PORK - KILO,5-Mar-24,5-Mar-24,KG,2.01,88,679.7,598.14,0,598.14  
21845,TGM - PORK CUBES - KILO,5-Mar-24,5-Mar-24,KG,0.38,88,128.82,113.36,0,113.36  
21851,TGM - PORK LIVER - KILO,5-Mar-24,5-Mar-24,KG,0.75,88,133.36,117.36,0,117.36  
21859,TGM - PORK BACON SLICE - KILO,5-Mar-24,5-Mar-24,KG,0.83,88,329.18,289.68,0,289.68  
21865,TGM - PORK SAMGYEOPSAL - KILO,5-Mar-24,5-Mar-24,KG,1.73,88,686.29,603.94,0,603.94  
21866,TGM - PORK ADOBO CUT - KILO,5-Mar-24,5-Mar-24,KG,2,88,658.35,579.35,0,579.35  
21892,TGM - BEEF BREAKFAST STEAK - KILO,5-Mar-24,5-Mar-24,KG,0.56,88,304.7,268.14,0,268.14  
21923,TGM - PORK GINISA CUT - KILO,5-Mar-24,5-Mar-24,KG,0.57,86,156.25,134.38,0,134.38  
22843,TGM - PORK SPARERIBS - KILO,5-Mar-24,5-Mar-24,KG,0.71,88,290.39,255.54,0,255.54  
21825,TGM - GROUND BEEF - KILO,6-Mar-24,6-Mar-24,KG,1.08,88,409.32,360.2,0,360.20  
21826,TGM - PORKCHOP SOBI - KILO,6-Mar-24,6-Mar-24,KG,3.95,88,"1,256.87","1,106.05",0,"1,106.05  "
21827,TGM - SHANGHAI MIX - KILO,6-Mar-24,6-Mar-24,KG,0.69,88,271.33,213.19,25.58,238.77  
21832,TGM - PORK BELLY SOBI - KILO,6-Mar-24,6-Mar-24,KG,0.39,88,147.81,130.07,0,130.07  
21834,TGM - REGULAR GROUND PORK - KILO,6-Mar-24,6-Mar-24,KG,0.7,88,195.3,171.86,0,171.86  
21838,TGM - PORK MENUDO CUT - KILO,6-Mar-24,6-Mar-24,KG,0.51,88,176.25,155.1,0,155.10  
21841,TGM - LEAN GROUND PORK - KILO,6-Mar-24,6-Mar-24,KG,0.54,88,183.06,161.09,0,161.09  
21845,TGM - PORK CUBES - KILO,6-Mar-24,6-Mar-24,KG,1.1,88,372.9,328.15,0,328.15  
21851,TGM - PORK LIVER - KILO,6-Mar-24,6-Mar-24,KG,2.2,88,392.91,345.76,0,345.76  
21865,TGM - PORK SAMGYEOPSAL - KILO,6-Mar-24,6-Mar-24,KG,0.32,88,119.41,105.08,0,105.08  
21866,TGM - PORK ADOBO CUT - KILO,6-Mar-24,6-Mar-24,KG,1.81,88,597.3,525.62,0,525.62  
21892,TGM - BEEF BREAKFAST STEAK - KILO,6-Mar-24,6-Mar-24,KG,0.69,88,378.81,333.35,0,333.35  
21923,TGM - PORK GINISA CUT - KILO,6-Mar-24,6-Mar-24,KG,2.15,86,598.47,514.68,0,514.68  
22843,TGM - PORK SPARERIBS - KILO,6-Mar-24,6-Mar-24,KG,2.49,88,"1,016.37",894.41,0,894.41  
21826,TGM - PORKCHOP SOBI - KILO,7-Mar-24,7-Mar-24,KG,2.62,88,823.51,724.69,0,724.69  
21827,TGM - SHANGHAI MIX - KILO,7-Mar-24,7-Mar-24,KG,0.18,88,71.82,56.43,6.77,63.20  
21832,TGM - PORK BELLY SOBI - KILO,7-Mar-24,7-Mar-24,KG,0.4,88,149.71,131.74,0,131.74  
21834,TGM - REGULAR GROUND PORK - KILO,7-Mar-24,7-Mar-24,KG,1.66,88,460.36,405.12,0,405.12  
21837,TGM - PORK SINIGANG CUT - KILO,7-Mar-24,7-Mar-24,KG,2.77,88,712.27,626.8,0,626.80  
21845,TGM - PORK CUBES - KILO,7-Mar-24,7-Mar-24,KG,0.59,88,198.32,174.52,0,174.52  
21851,TGM - PORK LIVER - KILO,7-Mar-24,7-Mar-24,KG,0.74,88,132.46,116.56,0,116.56  
21865,TGM - PORK SAMGYEOPSAL - KILO,7-Mar-24,7-Mar-24,KG,0.31,88,121.7,107.1,0,107.10  
21866,TGM - PORK ADOBO CUT - KILO,7-Mar-24,7-Mar-24,KG,2.39,88,787.05,692.6,0,692.60  
21875,TGM - BEEF SHANK - KILO,7-Mar-24,7-Mar-24,KG,0.46,88,183.1,161.13,0,161.13  
21892,TGM - BEEF BREAKFAST STEAK - KILO,7-Mar-24,7-Mar-24,KG,0.84,88,458.42,403.41,0,403.41  
21826,TGM - PORKCHOP SOBI - KILO,8-Mar-24,8-Mar-24,KG,1.32,88,421.08,370.55,0,370.55  
21827,TGM - SHANGHAI MIX - KILO,8-Mar-24,8-Mar-24,KG,0.67,88,265.34,208.48,25.02,233.50  
21832,TGM - PORK BELLY SOBI - KILO,8-Mar-24,8-Mar-24,KG,2.94,88,"1,110.48",977.22,0,977.22  
21834,TGM - REGULAR GROUND PORK - KILO,8-Mar-24,8-Mar-24,KG,1.33,88,366.9,322.87,0,322.87  
21837,TGM - PORK SINIGANG CUT - KILO,8-Mar-24,8-Mar-24,KG,0.66,88,169.65,149.29,0,149.29  
21838,TGM - PORK MENUDO CUT - KILO,8-Mar-24,8-Mar-24,KG,0.57,88,197.19,173.53,0,173.53  
21839,TGM - PATA SLICED - KILO,8-Mar-24,8-Mar-24,KG,0.83,88,256.47,225.69,0,225.69  
21841,TGM - LEAN GROUND PORK - KILO,8-Mar-24,8-Mar-24,KG,3.79,88,"1,273.54","1,120.72",0,"1,120.72  "
21845,TGM - PORK CUBES - KILO,8-Mar-24,8-Mar-24,KG,0.19,88,64.41,56.68,0,56.68  
21849,TGM - PORK CUTLETS - KILO,8-Mar-24,8-Mar-24,KG,0.76,88,265.24,233.41,0,233.41  
21851,TGM - PORK LIVER - KILO,8-Mar-24,8-Mar-24,KG,1.38,88,246.13,216.59,0,216.59  
21859,TGM - PORK BACON SLICE - KILO,8-Mar-24,8-Mar-24,KG,1.37,88,542.65,477.53,0,477.53  
21865,TGM - PORK SAMGYEOPSAL - KILO,8-Mar-24,8-Mar-24,KG,1.4,88,554.62,488.07,0,488.07  
21866,TGM - PORK ADOBO CUT - KILO,8-Mar-24,8-Mar-24,KG,3.03,88,998.25,878.46,0,878.46  
21875,TGM - BEEF SHANK - KILO,8-Mar-24,8-Mar-24,KG,0.54,88,226.26,199.11,0,199.11  
21892,TGM - BEEF BREAKFAST STEAK - KILO,8-Mar-24,8-Mar-24,KG,0.86,88,469.4,413.07,0,413.07  
21923,TGM - PORK GINISA CUT - KILO,8-Mar-24,8-Mar-24,KG,1.03,86,285.98,245.94,0,245.94  
22843,TGM - PORK SPARERIBS - KILO,8-Mar-24,8-Mar-24,KG,0.9,88,368.1,323.93,0,323.93  
21825,TGM - GROUND BEEF - KILO,9-Mar-24,11-Mar-24,KG,1.03,88,388.48,341.86,0,341.86  
21826,TGM - PORKCHOP SOBI - KILO,9-Mar-24,9-Mar-24,KG,0.68,88,216.92,190.89,0,190.89  
21827,TGM - SHANGHAI MIX - KILO,9-Mar-24,9-Mar-24,KG,0.35,88,132.67,104.24,12.51,116.75  
21832,TGM - PORK BELLY SOBI - KILO,9-Mar-24,9-Mar-24,KG,1.57,88,593.14,521.96,0,521.96  
21834,TGM - REGULAR GROUND PORK - KILO,9-Mar-24,9-Mar-24,KG,0.33,88,92.07,81.02,0,81.02  
21837,TGM - PORK SINIGANG CUT - KILO,9-Mar-24,9-Mar-24,KG,1.46,88,375.56,330.49,0,330.49  
21839,TGM - PATA SLICED - KILO,9-Mar-24,11-Mar-24,KG,1.66,88,512.94,451.39,0,451.39  
21841,TGM - LEAN GROUND PORK - KILO,9-Mar-24,9-Mar-24,KG,1.29,88,435.62,383.35,0,383.35  
21851,TGM - PORK LIVER - KILO,9-Mar-24,9-Mar-24,KG,2.69,88,476.24,419.09,0,419.09  
21851,TGM - PORK LIVER - KILO,9-Mar-24,11-Mar-24,KG,0.36,88,64.44,56.71,0,56.71  
21859,TGM - PORK BACON SLICE - KILO,9-Mar-24,9-Mar-24,KG,1,88,395.02,347.62,0,347.62  
21859,TGM - PORK BACON SLICE - KILO,9-Mar-24,11-Mar-24,KG,0.53,88,211.47,186.09,0,186.09  
21862,TGM - PORKCHOP BONELESS - KILO,9-Mar-24,9-Mar-24,KG,1.46,88,494.94,435.55,0,435.55  
21865,TGM - PORK SAMGYEOPSAL - KILO,9-Mar-24,9-Mar-24,KG,1.47,88,574.76,505.79,0,505.79  
21866,TGM - PORK ADOBO CUT - KILO,9-Mar-24,9-Mar-24,KG,3.63,88,"1,189.81","1,047.03",0,"1,047.03  "
21875,TGM - BEEF SHANK - KILO,9-Mar-24,9-Mar-24,KG,1.05,88,437.86,385.32,0,385.32  
22843,TGM - PORK SPARERIBS - KILO,9-Mar-24,9-Mar-24,KG,1.57,88,640.09,563.28,0,563.28  
21825,TGM - GROUND BEEF - KILO,10-Mar-24,10-Mar-24,KG,2.69,88,"1,017.62",895.51,0,895.51  
21827,TGM - SHANGHAI MIX - KILO,10-Mar-24,10-Mar-24,KG,0.73,88,289.28,227.29,27.28,254.57  
21834,TGM - REGULAR GROUND PORK - KILO,10-Mar-24,10-Mar-24,KG,2.63,88,732.38,644.49,0,644.49  
21837,TGM - PORK SINIGANG CUT - KILO,10-Mar-24,10-Mar-24,KG,0.87,88,224.04,197.16,0,197.16  
21838,TGM - PORK MENUDO CUT - KILO,10-Mar-24,10-Mar-24,KG,1.6,88,556.66,489.86,0,489.86  
21839,TGM - PATA SLICED - KILO,10-Mar-24,10-Mar-24,KG,1.02,88,315.18,277.36,0,277.36  
21841,TGM - LEAN GROUND PORK - KILO,10-Mar-24,10-Mar-24,KG,0.61,88,205.1,180.49,0,180.49  
21841,TGM - LEAN GROUND PORK - KILO,10-Mar-24,11-Mar-24,KG,0.16,88,52.55,46.24,0,46.24  
21851,TGM - PORK LIVER - KILO,10-Mar-24,10-Mar-24,KG,3.56,88,636.35,559.99,0,559.99  
21859,TGM - PORK BACON SLICE - KILO,10-Mar-24,10-Mar-24,KG,1.16,88,458.86,403.8,0,403.80  
21865,TGM - PORK SAMGYEOPSAL - KILO,10-Mar-24,10-Mar-24,KG,2.38,88,947.63,833.91,0,833.91  
21866,TGM - PORK ADOBO CUT - KILO,10-Mar-24,10-Mar-24,KG,5.87,88,"1,937.10","1,704.65",0,"1,704.65  "
21923,TGM - PORK GINISA CUT - KILO,10-Mar-24,10-Mar-24,KG,0.64,86,175.78,151.17,0,151.17  
22843,TGM - PORK SPARERIBS - KILO,10-Mar-24,10-Mar-24,KG,3.94,88,"1,611.46","1,418.08",0,"1,418.08  "
21827,TGM - SHANGHAI MIX - KILO,11-Mar-24,11-Mar-24,KG,0.81,88,313.12,246.02,29.52,275.55  
21832,TGM - PORK BELLY SOBI - KILO,11-Mar-24,11-Mar-24,KG,1.71,88,644.31,566.99,0,566.99  
21834,TGM - REGULAR GROUND PORK - KILO,11-Mar-24,11-Mar-24,KG,1.16,88,320.86,282.36,0,282.36  
21841,TGM - LEAN GROUND PORK - KILO,11-Mar-24,11-Mar-24,KG,0.59,88,198.32,174.52,0,174.52  
21851,TGM - PORK LIVER - KILO,11-Mar-24,11-Mar-24,KG,3.21,88,554.42,487.89,0,487.89  
21859,TGM - PORK BACON SLICE - KILO,11-Mar-24,11-Mar-24,KG,1.53,88,608.48,535.46,0,535.46  
21865,TGM - PORK SAMGYEOPSAL - KILO,11-Mar-24,11-Mar-24,KG,1.07,88,424.94,373.95,0,373.95  
21866,TGM - PORK ADOBO CUT - KILO,11-Mar-24,11-Mar-24,KG,1.97,88,650.1,572.09,0,572.09  
22843,TGM - PORK SPARERIBS - KILO,11-Mar-24,11-Mar-24,KG,1.96,88,797.56,701.85,0,701.85  
21826,TGM - PORKCHOP SOBI - KILO,12-Mar-24,12-Mar-24,KG,0.61,88,193,169.84,0,169.84  
21827,TGM - SHANGHAI MIX - KILO,12-Mar-24,12-Mar-24,KG,1.78,88,706.03,554.74,66.57,621.31  
21827,TGM - SHANGHAI MIX - KILO,12-Mar-24,13-Mar-24,KG,0.26,88,98.55,77.43,9.29,86.72  
21832,TGM - PORK BELLY SOBI - KILO,12-Mar-24,12-Mar-24,KG,1.36,88,515.44,453.59,0,453.59  
21834,TGM - REGULAR GROUND PORK - KILO,12-Mar-24,12-Mar-24,KG,1.14,88,315.28,277.45,0,277.45  
21841,TGM - LEAN GROUND PORK - KILO,12-Mar-24,12-Mar-24,KG,0.23,88,76.28,67.13,0,67.13  
21849,TGM - PORK CUTLETS - KILO,12-Mar-24,12-Mar-24,KG,0.47,88,164.03,144.35,0,144.35  
21851,TGM - PORK LIVER - KILO,12-Mar-24,12-Mar-24,KG,0.82,88,145.89,128.38,0,128.38  
21859,TGM - PORK BACON SLICE - KILO,12-Mar-24,12-Mar-24,KG,0.26,88,101.75,89.54,0,89.54  
21859,TGM - PORK BACON SLICE - KILO,12-Mar-24,13-Mar-24,KG,0.27,88,105.74,93.05,0,93.05  
21865,TGM - PORK SAMGYEOPSAL - KILO,12-Mar-24,12-Mar-24,KG,2.49,88,989.53,870.79,0,870.79  
21866,TGM - PORK ADOBO CUT - KILO,12-Mar-24,12-Mar-24,KG,1.83,88,603.9,531.43,0,531.43  
21875,TGM - BEEF SHANK - KILO,12-Mar-24,12-Mar-24,KG,1.04,88,435.76,383.47,0,383.47  
21825,TGM - GROUND BEEF - KILO,13-Mar-24,13-Mar-24,KG,0.81,88,306.99,270.15,0,270.15  
21825,TGM - GROUND BEEF - KILO,13-Mar-24,14-Mar-24,KG,0.62,88,234.98,206.78,0,206.78  
21827,TGM - SHANGHAI MIX - KILO,13-Mar-24,13-Mar-24,KG,0.88,88,349.13,274.32,32.92,307.23  
21832,TGM - PORK BELLY SOBI - KILO,13-Mar-24,14-Mar-24,KG,0.83,88,314.57,276.82,0,276.82  
21834,TGM - REGULAR GROUND PORK - KILO,13-Mar-24,13-Mar-24,KG,1.6,88,442.23,389.16,0,389.16  
21834,TGM - REGULAR GROUND PORK - KILO,13-Mar-24,14-Mar-24,KG,0.51,88,140.9,123.99,0,123.99  
21838,TGM - PORK MENUDO CUT - KILO,13-Mar-24,13-Mar-24,KG,1.13,88,394.37,347.05,0,347.05  
21841,TGM - LEAN GROUND PORK - KILO,13-Mar-24,13-Mar-24,KG,3.34,88,"1,132.26",996.39,0,996.39  
21841,TGM - LEAN GROUND PORK - KILO,13-Mar-24,14-Mar-24,KG,0.39,88,130.52,114.86,0,114.86  
21846,TGM - PORK RIB SHOULDER - KILO,13-Mar-24,13-Mar-24,KG,0.67,88,233.83,205.77,0,205.77  
21851,TGM - PORK LIVER - KILO,13-Mar-24,13-Mar-24,KG,1.6,88,284.62,250.47,0,250.47  
21865,TGM - PORK SAMGYEOPSAL - KILO,13-Mar-24,13-Mar-24,KG,0.14,88,55.86,49.16,0,49.16  
21866,TGM - PORK ADOBO CUT - KILO,13-Mar-24,13-Mar-24,KG,4.33,88,"1,428.90","1,257.43",0,"1,257.43  "
21923,TGM - PORK GINISA CUT - KILO,13-Mar-24,13-Mar-24,KG,0.5,86,139.5,119.97,0,119.97  
22848,TGM - PORK PIGUE SOBL - KILO,13-Mar-24,13-Mar-24,KG,0.87,88,285.45,251.2,0,251.20  
21827,TGM - SHANGHAI MIX - KILO,14-Mar-24,14-Mar-24,KG,0.66,88,261.35,205.35,24.64,229.99  
21832,TGM - PORK BELLY SOBI - KILO,14-Mar-24,14-Mar-24,KG,1.26,88,451.86,397.64,0,397.64  
21837,TGM - PORK SINIGANG CUT - KILO,14-Mar-24,14-Mar-24,KG,0.36,88,93.24,82.05,0,82.05  
21841,TGM - LEAN GROUND PORK - KILO,14-Mar-24,14-Mar-24,KG,1.41,88,476.3,419.14,0,419.14  
21851,TGM - PORK LIVER - KILO,14-Mar-24,14-Mar-24,KG,2.18,88,389.33,342.61,0,342.61  
21866,TGM - PORK ADOBO CUT - KILO,14-Mar-24,14-Mar-24,KG,1.38,88,455.4,400.75,0,400.75  
21923,TGM - PORK GINISA CUT - KILO,14-Mar-24,14-Mar-24,KG,0.15,86,40.46,34.8,0,34.80  
21825,TGM - GROUND BEEF - KILO,15-Mar-24,15-Mar-24,KG,0.3,88,113.7,100.06,0,100.06  
21826,TGM - PORKCHOP SOBI - KILO,15-Mar-24,15-Mar-24,KG,1.36,88,432.25,380.38,0,380.38  
21827,TGM - SHANGHAI MIX - KILO,15-Mar-24,15-Mar-24,KG,0.78,88,284.14,223.25,26.79,250.04  
21832,TGM - PORK BELLY SOBI - KILO,15-Mar-24,15-Mar-24,KG,3.3,88,"1,246.92","1,097.29",0,"1,097.29  "
21834,TGM - REGULAR GROUND PORK - KILO,15-Mar-24,15-Mar-24,KG,1.02,88,284.58,250.43,0,250.43  
21834,TGM - REGULAR GROUND PORK - KILO,15-Mar-24,18-Mar-24,KG,0.62,88,172.98,152.22,0,152.22  
21834,TGM - REGULAR GROUND PORK - KILO,15-Mar-24,19-Mar-24,KG,0.18,88,50.22,44.19,0,44.19  
21837,TGM - PORK SINIGANG CUT - KILO,15-Mar-24,15-Mar-24,KG,0.91,88,234.4,206.27,0,206.27  
21838,TGM - PORK MENUDO CUT - KILO,15-Mar-24,15-Mar-24,KG,1.21,88,408.5,359.48,0,359.48  
21839,TGM - PATA SLICED - KILO,15-Mar-24,15-Mar-24,KG,0.32,88,95.68,84.2,0,84.20  
21841,TGM - LEAN GROUND PORK - KILO,15-Mar-24,15-Mar-24,KG,1.75,88,584.5,514.36,0,514.36  
21841,TGM - LEAN GROUND PORK - KILO,15-Mar-24,19-Mar-24,KG,0.3,88,100.2,88.18,0,88.18  
21842,TGM - PATA FRONT - KILO,15-Mar-24,15-Mar-24,KG,2.76,88,772.8,680.06,0,680.06  
21844,TGM - PORK BABY BACK RIBS - KILO,15-Mar-24,19-Mar-24,KG,1,88,459,403.92,0,403.92  
21846,TGM - PORK RIB SHOULDER - KILO,15-Mar-24,15-Mar-24,KG,1.4,88,486.86,428.44,0,428.44  
21846,TGM - PORK RIB SHOULDER - KILO,15-Mar-24,19-Mar-24,KG,1.26,88,439.74,386.97,0,386.97  
21851,TGM - PORK LIVER - KILO,15-Mar-24,15-Mar-24,KG,2.11,88,367.76,323.63,0,323.63  
21855,TGM - PORK TENDERLOIN - KILO,15-Mar-24,15-Mar-24,KG,0.76,88,286.15,251.81,0,251.81  
21865,TGM - PORK SAMGYEOPSAL - KILO,15-Mar-24,15-Mar-24,KG,1.26,88,461.26,405.91,0,405.91  
21866,TGM - PORK ADOBO CUT - KILO,15-Mar-24,15-Mar-24,KG,8.02,88,"2,630.43","2,314.78",0,"2,314.78  "
21866,TGM - PORK ADOBO CUT - KILO,15-Mar-24,19-Mar-24,KG,1.39,88,458.7,403.66,0,403.66  
21871,TGM - BEEF CUBES - KILO,15-Mar-24,15-Mar-24,KG,8.11,88,"3,879.91","3,414.32",0,"3,414.32  "
21890,TGM - BEEF MECHADO - KILO,15-Mar-24,15-Mar-24,KG,0.43,88,218.87,192.61,0,192.61  
21923,TGM - PORK GINISA CUT - KILO,15-Mar-24,15-Mar-24,KG,0.79,86,211.91,182.24,0,182.24  
22843,TGM - PORK SPARERIBS - KILO,15-Mar-24,15-Mar-24,KG,2.78,88,"1,134.98",998.78,0,998.78  
22843,TGM - PORK SPARERIBS - KILO,15-Mar-24,19-Mar-24,KG,0.64,88,261.76,230.35,0,230.35  
22845,TGM - PORK STROGANOFF - KILO,15-Mar-24,15-Mar-24,KG,0.16,88,58.75,51.7,0,51.70  
21825,TGM - GROUND BEEF - KILO,16-Mar-24,16-Mar-24,KG,0.86,88,322.16,283.5,0,283.50  
21826,TGM - PORKCHOP SOBI - KILO,16-Mar-24,16-Mar-24,KG,1.11,88,352.5,310.2,0,310.20  
21827,TGM - SHANGHAI MIX - KILO,16-Mar-24,16-Mar-24,KG,1.22,88,442.62,347.77,41.73,389.51  
21832,TGM - PORK BELLY SOBI - KILO,16-Mar-24,16-Mar-24,KG,3.4,88,"1,284.82","1,130.64",0,"1,130.64  "
21834,TGM - REGULAR GROUND PORK - KILO,16-Mar-24,16-Mar-24,KG,4.08,88,"1,123.63",988.79,0,988.79  
21834,TGM - REGULAR GROUND PORK - KILO,16-Mar-24,19-Mar-24,KG,2.64,88,735.17,646.95,0,646.95  
21838,TGM - PORK MENUDO CUT - KILO,16-Mar-24,16-Mar-24,KG,1.5,88,506.81,445.99,0,445.99  
21841,TGM - LEAN GROUND PORK - KILO,16-Mar-24,16-Mar-24,KG,0.67,88,223.78,196.93,0,196.93  
21842,TGM - PATA FRONT - KILO,16-Mar-24,19-Mar-24,KG,3.84,88,"1,073.80",944.94,0,944.94  
21851,TGM - PORK LIVER - KILO,16-Mar-24,16-Mar-24,KG,1.52,88,267.48,235.38,0,235.38  
21851,TGM - PORK LIVER - KILO,16-Mar-24,19-Mar-24,KG,0.92,88,163.79,144.14,0,144.14  
21859,TGM - PORK BACON SLICE - KILO,16-Mar-24,16-Mar-24,KG,0.41,88,163.59,143.96,0,143.96  
21859,TGM - PORK BACON SLICE - KILO,16-Mar-24,18-Mar-24,KG,0.29,88,115.71,101.82,0,101.82  
21865,TGM - PORK SAMGYEOPSAL - KILO,16-Mar-24,16-Mar-24,KG,0.75,88,273.07,240.3,0,240.30  
21866,TGM - PORK ADOBO CUT - KILO,16-Mar-24,16-Mar-24,KG,4.4,88,"1,452.00","1,277.76",0,"1,277.76  "
21866,TGM - PORK ADOBO CUT - KILO,16-Mar-24,19-Mar-24,KG,0.51,88,166.65,146.65,0,146.65  
21923,TGM - PORK GINISA CUT - KILO,16-Mar-24,16-Mar-24,KG,0.59,86,163.22,140.37,0,140.37  
22837,TGM - PORK KASIM SLBL - KILO,16-Mar-24,16-Mar-24,KG,1.14,88,409.26,360.15,0,360.15  
22843,TGM - PORK SPARERIBS - KILO,16-Mar-24,16-Mar-24,KG,1.63,88,631.4,555.63,0,555.63  
21825,TGM - GROUND BEEF - KILO,17-Mar-24,17-Mar-24,KG,0.27,88,102.33,90.05,0,90.05  
21826,TGM - PORKCHOP SOBI - KILO,17-Mar-24,17-Mar-24,KG,2.34,88,743.28,654.09,0,654.09  
21827,TGM - SHANGHAI MIX - KILO,17-Mar-24,17-Mar-24,KG,0.52,88,191.88,150.76,18.09,168.85  
21832,TGM - PORK BELLY SOBI - KILO,17-Mar-24,17-Mar-24,KG,3.52,88,"1,310.97","1,153.65",0,"1,153.65  "
21834,TGM - REGULAR GROUND PORK - KILO,17-Mar-24,17-Mar-24,KG,0.93,88,258.08,227.11,0,227.11  
21838,TGM - PORK MENUDO CUT - KILO,17-Mar-24,17-Mar-24,KG,0.28,88,94.92,83.53,0,83.53  
21841,TGM - LEAN GROUND PORK - KILO,17-Mar-24,17-Mar-24,KG,6.32,88,"2,094.18","1,842.88",0,"1,842.88  "
21841,TGM - LEAN GROUND PORK - KILO,17-Mar-24,20-Mar-24,KG,0.85,88,279.47,245.93,0,245.93  
21842,TGM - PATA FRONT - KILO,17-Mar-24,17-Mar-24,KG,2.18,88,610.4,537.15,0,537.15  
21844,TGM - PORK BABY BACK RIBS - KILO,17-Mar-24,20-Mar-24,KG,0.96,88,438.35,385.75,0,385.75  
21849,TGM - PORK CUTLETS - KILO,17-Mar-24,17-Mar-24,KG,0.47,88,164.03,144.35,0,144.35  
21851,TGM - PORK LIVER - KILO,17-Mar-24,17-Mar-24,KG,1.8,88,320.42,281.97,0,281.97  
21859,TGM - PORK BACON SLICE - KILO,17-Mar-24,17-Mar-24,KG,0.48,88,187.54,165.04,0,165.04  
21865,TGM - PORK SAMGYEOPSAL - KILO,17-Mar-24,17-Mar-24,KG,0.68,88,250.92,220.81,0,220.81  
21866,TGM - PORK ADOBO CUT - KILO,17-Mar-24,17-Mar-24,KG,5.14,88,"1,694.55","1,491.20",0,"1,491.20  "
21866,TGM - PORK ADOBO CUT - KILO,17-Mar-24,20-Mar-24,KG,1.06,88,349.8,307.82,0,307.82  
21873,TGM - BEEF SIRLOIN - KILO,17-Mar-24,17-Mar-24,KG,0.52,88,277.59,244.28,0,244.28  
21892,TGM - BEEF BREAKFAST STEAK - KILO,17-Mar-24,17-Mar-24,KG,0.11,88,60.39,53.14,0,53.14  
21923,TGM - PORK GINISA CUT - KILO,17-Mar-24,17-Mar-24,KG,0.47,86,131.13,112.77,0,112.77  
21923,TGM - PORK GINISA CUT - KILO,17-Mar-24,20-Mar-24,KG,0.19,86,51.62,44.39,0,44.39  
22843,TGM - PORK SPARERIBS - KILO,17-Mar-24,17-Mar-24,KG,2.84,88,"1,159.13","1,020.03",0,"1,020.03  "
21825,TGM - GROUND BEEF - KILO,18-Mar-24,18-Mar-24,KG,0.52,88,197.08,173.43,0,173.43  
21827,TGM - SHANGHAI MIX - KILO,18-Mar-24,18-Mar-24,KG,1.21,88,472.82,371.5,44.58,416.08  
21832,TGM - PORK BELLY SOBI - KILO,18-Mar-24,18-Mar-24,KG,1.11,88,418.8,368.54,0,368.54  
21834,TGM - REGULAR GROUND PORK - KILO,18-Mar-24,18-Mar-24,KG,1.64,88,450.52,396.46,0,396.46  
21834,TGM - REGULAR GROUND PORK - KILO,18-Mar-24,21-Mar-24,KG,0.3,88,83.7,73.66,0,73.66  
21838,TGM - PORK MENUDO CUT - KILO,18-Mar-24,18-Mar-24,KG,1.06,88,368.2,324.02,0,324.02  
21842,TGM - PATA FRONT - KILO,18-Mar-24,18-Mar-24,KG,1.57,88,439.6,386.85,0,386.85  
21851,TGM - PORK LIVER - KILO,18-Mar-24,18-Mar-24,KG,0.37,88,62.07,54.62,0,54.62  
21859,TGM - PORK BACON SLICE - KILO,18-Mar-24,18-Mar-24,KG,0.75,88,299.25,263.34,0,263.34  
21865,TGM - PORK SAMGYEOPSAL - KILO,18-Mar-24,18-Mar-24,KG,1.61,88,636.42,560.05,0,560.05  
21866,TGM - PORK ADOBO CUT - KILO,18-Mar-24,18-Mar-24,KG,1.19,88,382.3,336.42,0,336.42  
21892,TGM - BEEF BREAKFAST STEAK - KILO,18-Mar-24,18-Mar-24,KG,0.3,88,161.96,142.52,0,142.52  
21832,TGM - PORK BELLY SOBI - KILO,19-Mar-24,19-Mar-24,KG,2.37,88,894.45,787.12,0,787.12  
21834,TGM - REGULAR GROUND PORK - KILO,19-Mar-24,19-Mar-24,KG,2.27,88,653.15,574.77,0,574.77  
21834,TGM - REGULAR GROUND PORK - KILO,19-Mar-24,22-Mar-24,KG,0.29,88,83.81,73.75,0,73.75  
21837,TGM - PORK SINIGANG CUT - KILO,19-Mar-24,19-Mar-24,KG,1.49,88,399.47,351.53,0,351.53  
21838,TGM - PORK MENUDO CUT - KILO,19-Mar-24,19-Mar-24,KG,0.7,88,251.3,221.14,0,221.14  
21841,TGM - LEAN GROUND PORK - KILO,19-Mar-24,19-Mar-24,KG,0.3,88,102.96,90.6,0,90.60  
21844,TGM - PORK BABY BACK RIBS - KILO,19-Mar-24,19-Mar-24,KG,0.61,88,279.99,246.39,0,246.39  
21846,TGM - PORK RIB SHOULDER - KILO,19-Mar-24,19-Mar-24,KG,1.26,88,438,385.44,0,385.44  
21846,TGM - PORK RIB SHOULDER - KILO,19-Mar-24,20-Mar-24,KG,0.64,88,210.54,185.28,0,185.28  
21859,TGM - PORK BACON SLICE - KILO,19-Mar-24,19-Mar-24,KG,1.21,88,492.85,433.71,0,433.71  
21865,TGM - PORK SAMGYEOPSAL - KILO,19-Mar-24,19-Mar-24,KG,1.24,88,496.63,437.03,0,437.03  
21866,TGM - PORK ADOBO CUT - KILO,19-Mar-24,19-Mar-24,KG,7.78,88,"2,525.50","2,222.44",0,"2,222.44  "
21872,TGM - GROUND ROUND - KILO,19-Mar-24,19-Mar-24,KG,1.12,88,458.08,403.11,0,403.11  
21875,TGM - BEEF SHANK - KILO,19-Mar-24,19-Mar-24,KG,0.67,88,266.69,234.69,0,234.69  
22843,TGM - PORK SPARERIBS - KILO,19-Mar-24,19-Mar-24,KG,2.82,88,"1,233.60","1,085.57",0,"1,085.57  "
22848,TGM - PORK PIGUE SOBL - KILO,19-Mar-24,19-Mar-24,KG,1.1,88,371.21,326.66,0,326.66  
21827,TGM - SHANGHAI MIX - KILO,20-Mar-24,20-Mar-24,KG,0.43,88,169.58,133.24,15.99,149.23  
21832,TGM - PORK BELLY SOBI - KILO,20-Mar-24,20-Mar-24,KG,1.6,88,604.51,531.97,0,531.97  
21834,TGM - REGULAR GROUND PORK - KILO,20-Mar-24,20-Mar-24,KG,3.85,88,"1,095.77",964.28,0,964.28  
21837,TGM - PORK SINIGANG CUT - KILO,20-Mar-24,20-Mar-24,KG,1.07,88,287.83,253.29,0,253.29  
21841,TGM - LEAN GROUND PORK - KILO,20-Mar-24,20-Mar-24,KG,3.64,88,"1,263.40","1,111.79",0,"1,111.79  "
21851,TGM - PORK LIVER - KILO,20-Mar-24,20-Mar-24,KG,0.28,88,49.23,43.32,0,43.32  
21859,TGM - PORK BACON SLICE - KILO,20-Mar-24,20-Mar-24,KG,1.43,88,562.18,494.72,0,494.72  
21865,TGM - PORK SAMGYEOPSAL - KILO,20-Mar-24,20-Mar-24,KG,0.43,88,175.87,154.77,0,154.77  
21866,TGM - PORK ADOBO CUT - KILO,20-Mar-24,20-Mar-24,KG,3.57,88,"1,171.25","1,030.70",0,"1,030.70  "
21923,TGM - PORK GINISA CUT - KILO,20-Mar-24,20-Mar-24,KG,0.22,86,59.99,51.59,0,51.59  
21825,TGM - GROUND BEEF - KILO,21-Mar-24,21-Mar-24,KG,0.52,88,195.19,171.77,0,171.77  
21827,TGM - SHANGHAI MIX - KILO,21-Mar-24,21-Mar-24,KG,0.38,88,151.62,119.13,14.3,133.43  
21832,TGM - PORK BELLY SOBI - KILO,21-Mar-24,21-Mar-24,KG,1.96,88,742.84,653.7,0,653.70  
21834,TGM - REGULAR GROUND PORK - KILO,21-Mar-24,21-Mar-24,KG,1.67,88,471.87,415.25,0,415.25  
21841,TGM - LEAN GROUND PORK - KILO,21-Mar-24,21-Mar-24,KG,1.37,88,474.65,417.69,0,417.69  
21851,TGM - PORK LIVER - KILO,21-Mar-24,21-Mar-24,KG,4.95,88,884.27,778.16,0,778.16  
21859,TGM - PORK BACON SLICE - KILO,21-Mar-24,21-Mar-24,KG,1.41,88,566.98,498.94,0,498.94  
21866,TGM - PORK ADOBO CUT - KILO,21-Mar-24,21-Mar-24,KG,0.49,88,161.21,141.86,0,141.86  
21825,TGM - GROUND BEEF - KILO,22-Mar-24,22-Mar-24,KG,0.26,88,98.54,86.72,0,86.72  
21826,TGM - PORKCHOP SOBI - KILO,22-Mar-24,22-Mar-24,KG,3.47,88,"1,157.31","1,018.43",0,"1,018.43  "
21827,TGM - SHANGHAI MIX - KILO,22-Mar-24,22-Mar-24,KG,0.83,88,329.18,258.64,31.04,289.68  
21832,TGM - PORK BELLY SOBI - KILO,22-Mar-24,22-Mar-24,KG,1.07,88,405.53,356.87,0,356.87  
21834,TGM - REGULAR GROUND PORK - KILO,22-Mar-24,22-Mar-24,KG,2.92,88,841,740.08,0,740.08  
21837,TGM - PORK SINIGANG CUT - KILO,22-Mar-24,22-Mar-24,KG,5.62,88,"1,510.44","1,329.19",0,"1,329.19  "
21838,TGM - PORK MENUDO CUT - KILO,22-Mar-24,22-Mar-24,KG,0.94,88,335.67,295.39,0,295.39  
21841,TGM - LEAN GROUND PORK - KILO,22-Mar-24,22-Mar-24,KG,0.59,88,204.17,179.67,0,179.67  
21844,TGM - PORK BABY BACK RIBS - KILO,22-Mar-24,22-Mar-24,KG,0.88,88,403.92,355.45,0,355.45  
21849,TGM - PORK CUTLETS - KILO,22-Mar-24,22-Mar-24,KG,1.79,88,642.61,565.5,0,565.50  
21851,TGM - PORK LIVER - KILO,22-Mar-24,22-Mar-24,KG,2.25,88,400.97,352.85,0,352.85  
21851,TGM - PORK LIVER - KILO,22-Mar-24,23-Mar-24,KG,0.6,88,106.51,93.73,0,93.73  
21855,TGM - PORK TENDERLOIN - KILO,22-Mar-24,22-Mar-24,KG,0.37,88,138.36,121.76,0,121.76  
21859,TGM - PORK BACON SLICE - KILO,22-Mar-24,22-Mar-24,KG,1.3,88,527.62,464.31,0,464.31  
21865,TGM - PORK SAMGYEOPSAL - KILO,22-Mar-24,22-Mar-24,KG,0.84,88,341.52,300.54,0,300.54  
21866,TGM - PORK ADOBO CUT - KILO,22-Mar-24,22-Mar-24,KG,3.85,88,"1,261.73","1,110.32",0,"1,110.32  "
21871,TGM - BEEF CUBES - KILO,22-Mar-24,22-Mar-24,KG,0.61,88,289.8,255.02,0,255.02  
21923,TGM - PORK GINISA CUT - KILO,22-Mar-24,22-Mar-24,KG,1.9,86,528.71,454.69,0,454.69  
22843,TGM - PORK SPARERIBS - KILO,22-Mar-24,22-Mar-24,KG,0.37,88,162.43,142.94,0,142.94  
22848,TGM - PORK PIGUE SOBL - KILO,22-Mar-24,22-Mar-24,KG,2.3,88,778.01,684.65,0,684.65  
21825,TGM - GROUND BEEF - KILO,23-Mar-24,23-Mar-24,KG,1.98,88,744.75,655.38,0,655.38  
21834,TGM - REGULAR GROUND PORK - KILO,23-Mar-24,23-Mar-24,KG,4.6,88,"1,315.98","1,158.06",0,"1,158.06  "
21837,TGM - PORK SINIGANG CUT - KILO,23-Mar-24,23-Mar-24,KG,0.81,88,205.72,181.03,0,181.03  
21841,TGM - LEAN GROUND PORK - KILO,23-Mar-24,23-Mar-24,KG,0.26,88,89,78.32,0,78.32  
21844,TGM - PORK BABY BACK RIBS - KILO,23-Mar-24,23-Mar-24,KG,0.45,88,196.22,172.67,0,172.67  
21845,TGM - PORK CUBES - KILO,23-Mar-24,23-Mar-24,KG,0.52,88,179.74,158.17,0,158.17  
21851,TGM - PORK LIVER - KILO,23-Mar-24,23-Mar-24,KG,0.49,88,87.71,77.18,0,77.18  
21866,TGM - PORK ADOBO CUT - KILO,23-Mar-24,23-Mar-24,KG,7.58,88,"2,468.59","2,172.36",0,"2,172.36  "
21892,TGM - BEEF BREAKFAST STEAK - KILO,23-Mar-24,23-Mar-24,KG,0.17,88,90.59,79.72,0,79.72  
21923,TGM - PORK GINISA CUT - KILO,23-Mar-24,23-Mar-24,KG,0.39,86,107.42,92.38,0,92.38  
22850,TGM - PORK KAS ING - KILO,23-Mar-24,23-Mar-24,KG,0.81,88,265.65,233.77,0,233.77  
21825,TGM - GROUND BEEF - KILO,24-Mar-24,24-Mar-24,KG,2.28,88,860.34,757.1,0,757.10  
21826,TGM - PORKCHOP SOBI - KILO,24-Mar-24,24-Mar-24,KG,1.95,88,641.78,564.77,0,564.77  
21832,TGM - PORK BELLY SOBI - KILO,24-Mar-24,24-Mar-24,KG,4.57,88,"1,732.04","1,524.20",0,"1,524.20  "
21834,TGM - REGULAR GROUND PORK - KILO,24-Mar-24,24-Mar-24,KG,7.14,88,"2,044.03","1,798.75",0,"1,798.75  "
21837,TGM - PORK SINIGANG CUT - KILO,24-Mar-24,24-Mar-24,KG,1.47,88,392.75,345.62,0,345.62  
21838,TGM - PORK MENUDO CUT - KILO,24-Mar-24,24-Mar-24,KG,1.77,88,631.85,556.03,0,556.03  
21841,TGM - LEAN GROUND PORK - KILO,24-Mar-24,24-Mar-24,KG,7.67,88,"2,629.15","2,313.65",0,"2,313.65  "
21842,TGM - PATA FRONT - KILO,24-Mar-24,24-Mar-24,KG,1.44,88,416.16,366.22,0,366.22  
21844,TGM - PORK BABY BACK RIBS - KILO,24-Mar-24,24-Mar-24,KG,1.27,88,580.64,510.96,0,510.96  
21849,TGM - PORK CUTLETS - KILO,24-Mar-24,24-Mar-24,KG,0.82,88,294.38,259.05,0,259.05  
21851,TGM - PORK LIVER - KILO,24-Mar-24,24-Mar-24,KG,2.42,88,433.18,381.2,0,381.20  
21851,TGM - PORK LIVER - KILO,24-Mar-24,25-Mar-24,KG,6.05,88,"1,027.96",904.6,0,904.60  
21859,TGM - PORK BACON SLICE - KILO,24-Mar-24,24-Mar-24,KG,0.71,88,288.35,253.75,0,253.75  
21865,TGM - PORK SAMGYEOPSAL - KILO,24-Mar-24,24-Mar-24,KG,0.51,88,206.55,181.76,0,181.76  
21866,TGM - PORK ADOBO CUT - KILO,24-Mar-24,24-Mar-24,KG,5.21,88,"1,709.17","1,504.07",0,"1,504.07  "
21892,TGM - BEEF BREAKFAST STEAK - KILO,24-Mar-24,24-Mar-24,KG,0.38,88,205.88,181.17,0,181.17  
21921,TGM - PORK LECHON KAWALI - KILO,24-Mar-24,24-Mar-24,KG,2.28,86,907.73,780.65,0,780.65  
21923,TGM - PORK GINISA CUT - KILO,24-Mar-24,24-Mar-24,KG,0.91,86,247.42,212.78,0,212.78  
22843,TGM - PORK SPARERIBS - KILO,24-Mar-24,24-Mar-24,KG,0.62,88,269.99,237.59,0,237.59  
21825,TGM - GROUND BEEF - KILO,25-Mar-24,25-Mar-24,KG,0.99,88,373.32,328.52,0,328.52  
21826,TGM - PORKCHOP SOBI - KILO,25-Mar-24,25-Mar-24,KG,0.57,88,190.38,167.53,0,167.53  
21827,TGM - SHANGHAI MIX - KILO,25-Mar-24,25-Mar-24,KG,0.69,88,265.44,208.56,25.03,233.59  
21832,TGM - PORK BELLY SOBI - KILO,25-Mar-24,25-Mar-24,KG,2.01,88,759.9,668.71,0,668.71  
21834,TGM - REGULAR GROUND PORK - KILO,25-Mar-24,25-Mar-24,KG,3.48,88,999.96,879.96,0,879.96  
21838,TGM - PORK MENUDO CUT - KILO,25-Mar-24,25-Mar-24,KG,0.39,88,140.01,123.21,0,123.21  
21839,TGM - PATA SLICED - KILO,25-Mar-24,25-Mar-24,KG,0.89,88,259.8,228.62,0,228.62  
21841,TGM - LEAN GROUND PORK - KILO,25-Mar-24,25-Mar-24,KG,3.53,88,"1,208.08","1,063.11",0,"1,063.11  "
21842,TGM - PATA FRONT - KILO,25-Mar-24,27-Mar-24,KG,1.69,88,488.41,429.8,0,429.80  
21845,TGM - PORK CUBES - KILO,25-Mar-24,25-Mar-24,KG,0.47,88,162.29,142.82,0,142.82  
21849,TGM - PORK CUTLETS - KILO,25-Mar-24,25-Mar-24,KG,0.75,88,267.46,235.36,0,235.36  
21851,TGM - PORK LIVER - KILO,25-Mar-24,25-Mar-24,KG,1.75,88,308.33,271.33,0,271.33  
21859,TGM - PORK BACON SLICE - KILO,25-Mar-24,25-Mar-24,KG,0.42,88,171.78,151.17,0,151.17  
21866,TGM - PORK ADOBO CUT - KILO,25-Mar-24,25-Mar-24,KG,3.05,88,990.78,871.89,0,871.89  
21866,TGM - PORK ADOBO CUT - KILO,25-Mar-24,27-Mar-24,KG,0.79,88,258.27,227.28,0,227.28  
21892,TGM - BEEF BREAKFAST STEAK - KILO,25-Mar-24,25-Mar-24,KG,0.24,88,129.02,113.54,0,113.54  
21923,TGM - PORK GINISA CUT - KILO,25-Mar-24,25-Mar-24,KG,0.16,86,43.25,37.2,0,37.20  
22843,TGM - PORK SPARERIBS - KILO,25-Mar-24,25-Mar-24,KG,0.89,88,390.71,343.82,0,343.82  
22848,TGM - PORK PIGUE SOBL - KILO,25-Mar-24,25-Mar-24,KG,0.94,88,301.12,264.99,0,264.99  
21825,TGM - GROUND BEEF - KILO,26-Mar-24,26-Mar-24,KG,1.99,88,739.81,651.03,0,651.03  
21826,TGM - PORKCHOP SOBI - KILO,26-Mar-24,26-Mar-24,KG,0.71,88,237.14,208.68,0,208.68  
21827,TGM - SHANGHAI MIX - KILO,26-Mar-24,26-Mar-24,KG,1.43,88,568.59,446.75,53.61,500.36  
21832,TGM - PORK BELLY SOBI - KILO,26-Mar-24,26-Mar-24,KG,1.07,88,403.64,355.2,0,355.20  
21834,TGM - REGULAR GROUND PORK - KILO,26-Mar-24,26-Mar-24,KG,3.32,88,955.16,840.54,0,840.54  
21837,TGM - PORK SINIGANG CUT - KILO,26-Mar-24,26-Mar-24,KG,0.97,88,260.93,229.62,0,229.62  
21841,TGM - LEAN GROUND PORK - KILO,26-Mar-24,26-Mar-24,KG,2.93,88,"1,002.60",882.29,0,882.29  
21851,TGM - PORK LIVER - KILO,26-Mar-24,26-Mar-24,KG,1.38,88,242.42,213.33,0,213.33  
21859,TGM - PORK BACON SLICE - KILO,26-Mar-24,26-Mar-24,KG,0.78,88,314.94,277.15,0,277.15  
21865,TGM - PORK SAMGYEOPSAL - KILO,26-Mar-24,26-Mar-24,KG,0.96,88,390.6,343.73,0,343.73  
21866,TGM - PORK ADOBO CUT - KILO,26-Mar-24,26-Mar-24,KG,6.81,88,"2,232.29","1,964.42",0,"1,964.42  "
21871,TGM - BEEF CUBES - KILO,26-Mar-24,26-Mar-24,KG,0.51,88,241.9,212.87,0,212.87  
21892,TGM - BEEF BREAKFAST STEAK - KILO,26-Mar-24,26-Mar-24,KG,0.35,88,192.15,169.09,0,169.09  
21892,TGM - BEEF BREAKFAST STEAK - KILO,26-Mar-24,27-Mar-24,KG,0.44,88,241.56,212.57,0,212.57  
21825,TGM - GROUND BEEF - KILO,27-Mar-24,27-Mar-24,KG,2.94,88,"1,110.48",977.22,0,977.22  
21826,TGM - PORKCHOP SOBI - KILO,27-Mar-24,27-Mar-24,KG,1.06,88,354.04,311.56,0,311.56  
21832,TGM - PORK BELLY SOBI - KILO,27-Mar-24,27-Mar-24,KG,0.89,88,335.42,295.17,0,295.17  
21834,TGM - REGULAR GROUND PORK - KILO,27-Mar-24,27-Mar-24,KG,8.04,88,"2,310.23","2,033.00",0,"2,033.00  "
21837,TGM - PORK SINIGANG CUT - KILO,27-Mar-24,27-Mar-24,KG,1.19,88,313.52,275.9,0,275.90  
21841,TGM - LEAN GROUND PORK - KILO,27-Mar-24,27-Mar-24,KG,4.63,88,"1,612.39","1,418.90",0,"1,418.90  "
21844,TGM - PORK BABY BACK RIBS - KILO,27-Mar-24,27-Mar-24,KG,0.97,88,436.95,384.52,0,384.52  
21845,TGM - PORK CUBES - KILO,27-Mar-24,27-Mar-24,KG,0.41,88,141.35,124.39,0,124.39  
21851,TGM - PORK LIVER - KILO,27-Mar-24,27-Mar-24,KG,2.35,88,419.76,369.39,0,369.39  
21859,TGM - PORK BACON SLICE - KILO,27-Mar-24,27-Mar-24,KG,0.33,88,134.97,118.77,0,118.77  
21865,TGM - PORK SAMGYEOPSAL - KILO,27-Mar-24,27-Mar-24,KG,1.6,88,643.48,566.26,0,566.26  
21866,TGM - PORK ADOBO CUT - KILO,27-Mar-24,27-Mar-24,KG,3.26,88,"1,062.18",934.72,0,934.72  
22848,TGM - PORK PIGUE SOBL - KILO,27-Mar-24,27-Mar-24,KG,1.03,88,349.17,307.27,0,307.27  
21827,TGM - SHANGHAI MIX - KILO,28-Mar-24,28-Mar-24,KG,2.55,88,"1,011.49",794.74,95.37,890.11  
21832,TGM - PORK BELLY SOBI - KILO,28-Mar-24,28-Mar-24,KG,1.6,88,606.4,533.63,0,533.63  
21834,TGM - REGULAR GROUND PORK - KILO,28-Mar-24,28-Mar-24,KG,3.38,88,969.62,853.27,0,853.27  
21838,TGM - PORK MENUDO CUT - KILO,28-Mar-24,28-Mar-24,KG,0.24,88,84.37,74.25,0,74.25  
21841,TGM - LEAN GROUND PORK - KILO,28-Mar-24,28-Mar-24,KG,1.1,88,383.9,337.83,0,337.83  
21866,TGM - PORK ADOBO CUT - KILO,28-Mar-24,28-Mar-24,KG,0.77,88,253.33,222.93,0,222.93  
21832,TGM - PORK BELLY SOBI - KILO,30-Mar-24,30-Mar-24,KG,3.54,88,"1,341.66","1,180.66",0,"1,180.66  "
21834,TGM - REGULAR GROUND PORK - KILO,30-Mar-24,30-Mar-24,KG,3.75,88,"1,079.43",949.9,0,949.90  
21837,TGM - PORK SINIGANG CUT - KILO,30-Mar-24,30-Mar-24,KG,0.54,88,145.26,127.83,0,127.83  
21838,TGM - PORK MENUDO CUT - KILO,30-Mar-24,30-Mar-24,KG,0.31,88,111.29,97.94,0,97.94  
21839,TGM - PATA SLICED - KILO,30-Mar-24,30-Mar-24,KG,0.94,88,288.92,254.25,0,254.25  
21841,TGM - LEAN GROUND PORK - KILO,30-Mar-24,30-Mar-24,KG,3.74,88,"1,300.05","1,144.04",0,"1,144.04  "
21845,TGM - PORK CUBES - KILO,30-Mar-24,30-Mar-24,KG,0.51,88,177.99,156.63,0,156.63  
21849,TGM - PORK CUTLETS - KILO,30-Mar-24,30-Mar-24,KG,2.12,88,761.08,669.75,0,669.75  
21851,TGM - PORK LIVER - KILO,30-Mar-24,30-Mar-24,KG,3.71,88,661.42,582.05,0,582.05  
21859,TGM - PORK BACON SLICE - KILO,30-Mar-24,30-Mar-24,KG,0.75,88,302.67,266.35,0,266.35  
21865,TGM - PORK SAMGYEOPSAL - KILO,30-Mar-24,30-Mar-24,KG,0.37,88,149.29,131.38,0,131.38  
21866,TGM - PORK ADOBO CUT - KILO,30-Mar-24,30-Mar-24,KG,6.81,88,"2,233.93","1,965.86",0,"1,965.86  "
21892,TGM - BEEF BREAKFAST STEAK - KILO,30-Mar-24,30-Mar-24,KG,0.25,88,137.25,120.78,0,120.78  
21923,TGM - PORK GINISA CUT - KILO,30-Mar-24,30-Mar-24,KG,0.27,86,73.94,63.59,0,63.59  
22843,TGM - PORK SPARERIBS - KILO,30-Mar-24,30-Mar-24,KG,1.37,88,601.43,529.26,0,529.26  
22848,TGM - PORK PIGUE SOBL - KILO,30-Mar-24,30-Mar-24,KG,5.25,88,"1,779.75","1,566.18",0,"1,566.18  "
21825,TGM - GROUND BEEF - KILO,31-Mar-24,31-Mar-24,KG,1.72,88,649.99,571.99,0,571.99  
21826,TGM - PORKCHOP SOBI - KILO,31-Mar-24,31-Mar-24,KG,1.24,88,412.49,362.99,0,362.99  
21827,TGM - SHANGHAI MIX - KILO,31-Mar-24,31-Mar-24,KG,0.39,88,155.61,122.26,14.67,136.94  
21834,TGM - REGULAR GROUND PORK - KILO,31-Mar-24,31-Mar-24,KG,3.42,88,979.74,862.17,0,862.17  
21837,TGM - PORK SINIGANG CUT - KILO,31-Mar-24,31-Mar-24,KG,0.43,88,114.33,100.61,0,100.61  
21838,TGM - PORK MENUDO CUT - KILO,31-Mar-24,31-Mar-24,KG,0.58,88,206.43,181.66,0,181.66  
21841,TGM - LEAN GROUND PORK - KILO,31-Mar-24,31-Mar-24,KG,4.69,88,"1,611.59","1,418.20",0,"1,418.20  "
21845,TGM - PORK CUBES - KILO,31-Mar-24,31-Mar-24,KG,0.9,88,314.1,276.41,0,276.41  
21849,TGM - PORK CUTLETS - KILO,31-Mar-24,31-Mar-24,KG,0.56,88,199.25,175.34,0,175.34  
21851,TGM - PORK LIVER - KILO,31-Mar-24,31-Mar-24,KG,7.18,88,"1,284.33","1,130.21",0,"1,130.21  "
21859,TGM - PORK BACON SLICE - KILO,31-Mar-24,31-Mar-24,KG,1.3,88,527.62,464.31,0,464.31  
21866,TGM - PORK ADOBO CUT - KILO,31-Mar-24,31-Mar-24,KG,2.08,88,681.61,599.82,0,599.82  
21872,TGM - GROUND ROUND - KILO,31-Mar-24,31-Mar-24,KG,0.46,88,188.14,165.56,0,165.56  
21892,TGM - BEEF BREAKFAST STEAK - KILO,31-Mar-24,31-Mar-24,KG,0.19,88,104.31,91.79,0,91.79  
21923,TGM - PORK GINISA CUT - KILO,31-Mar-24,31-Mar-24,KG,1.48,86,411.53,353.92,0,353.92  
22843,TGM - PORK SPARERIBS - KILO,31-Mar-24,31-Mar-24,KG,2.42,88,"1,060.19",932.97,0,932.97  
Total Amount (PHP) :,,,,,,,"220,336.64","193,070.64",721.42,"193,792.06"
,,,,,,,,,,
,,,,,,,,,,
,,,,,,,,,,
,,,,,,,,,,
SKU wise summary:-,,,,,,,,,,
,,,,,,,,,,
Item Summary #,SKU,Description,QTY,Concession Amt ,Input VAT,Concession Amt,,,,
,,,,(Excl of VAT),,(Incl of VAT),,,,
1,21825,TGM - GROUND BEEF - KILO,24.64,"8,178.24",0,"8,178.24  ",,,,
2,21826,TGM - PORKCHOP SOBI - KILO,22.99,"6,540.64",0,"6,540.64  ",,,,
3,21827,TGM - SHANGHAI MIX - KILO,19.58,"6,011.87",721.42,"6,733.29  ",,,,
4,21832,TGM - PORK BELLY SOBI - KILO,58.06,"19,279.66",0,"19,279.66  ",,,,
5,21834,TGM - REGULAR GROUND PORK - KILO,76.67,"19,100.35",0,"19,100.35  ",,,,
6,21837,TGM - PORK SINIGANG CUT - KILO,28.66,"6,594.00",0,"6,594.00  ",,,,
7,21838,TGM - PORK MENUDO CUT - KILO,14.14,"4,332.26",0,"4,332.26  ",,,,
8,21839,TGM - PATA SLICED - KILO,8.4,"2,255.03",0,"2,255.03  ",,,,
9,21841,TGM - LEAN GROUND PORK - KILO,62.2,"18,641.17",0,"18,641.17  ",,,,
10,21842,TGM - PATA FRONT - KILO,18.16,"4,495.72",0,"4,495.72  ",,,,
11,21844,TGM - PORK BABY BACK RIBS - KILO,6.14,"2,459.66",0,"2,459.66  ",,,,
12,21845,TGM - PORK CUBES - KILO,5.8,"1,747.42",0,"1,747.42  ",,,,
13,21846,TGM - PORK RIB SHOULDER - KILO,5.23,"1,591.89",0,"1,591.89  ",,,,
14,21849,TGM - PORK CUTLETS - KILO,7.74,"2,427.11",0,"2,427.11  ",,,,
15,21851,TGM - PORK LIVER - KILO,66.46,"10,344.04",0,"10,344.04  ",,,,
16,21855,TGM - PORK TENDERLOIN - KILO,1.13,373.57,0,373.57  ,,,,
17,21859,TGM - PORK BACON SLICE - KILO,19.45,"6,844.89",0,"6,844.89  ",,,,
18,21862,TGM - PORKCHOP BONELESS - KILO,1.46,435.55,0,435.55  ,,,,
19,21865,TGM - PORK SAMGYEOPSAL - KILO,29.1,"10,119.01",0,"10,119.01  ",,,,
20,21866,TGM - PORK ADOBO CUT - KILO,109.28,"31,549.04",0,"31,549.04  ",,,,
21,21871,TGM - BEEF CUBES - KILO,9.23,"3,882.22",0,"3,882.22  ",,,,
22,21872,TGM - GROUND ROUND - KILO,1.58,568.67,0,568.67  ,,,,
23,21873,TGM - BEEF SIRLOIN - KILO,0.52,244.28,0,244.28  ,,,,
24,21875,TGM - BEEF SHANK - KILO,3.76,"1,363.71",0,"1,363.71  ",,,,
25,21890,TGM - BEEF MECHADO - KILO,0.43,192.61,0,192.61  ,,,,
26,21892,TGM - BEEF BREAKFAST STEAK - KILO,7.66,"3,681.41",0,"3,681.41  ",,,,
27,21921,TGM - PORK LECHON KAWALI - KILO,2.28,780.65,0,780.65  ,,,,
28,21923,TGM - PORK GINISA CUT - KILO,15.55,"3,699.08",0,"3,699.08  ",,,,
29,22837,TGM - PORK KASIM SLBL - KILO,1.14,360.15,0,360.15  ,,,,
30,22841,TGM - PIGS FEET - KILO,0.6,94.51,0,94.51  ,,,,
31,22843,TGM - PORK SPARERIBS - KILO,30.67,"11,195.84",0,"11,195.84  ",,,,
32,22845,TGM - PORK STROGANOFF - KILO,0.16,51.7,0,51.70  ,,,,
33,22848,TGM - PORK PIGUE SOBL - KILO,11.49,"3,400.94",0,"3,400.94  ",,,,
34,22850,TGM - PORK KAS ING - KILO,0.81,233.77,0,233.77  ,,,,
,Total Amount (PHP) :,,,"193,070.64",721.42,"193,792.06",,,,
,,,,,,,,,,
,,,,,,,,,,
,,,,,,,,,,
,,,,,,,,,,
NOTE:  Concession Rate (%) = 100% - Latest Commission Rate of the Item ,,,,,,,,,,
,,,,,,,,,,
,,,,,,,,,,
,,,,,,,,,,
APPROVED BY:,,,,,,,,,,
,,,,,,,,,,
                                                       _______________________________,,,,,,,,,,
                                                               MERCHANDISING,,,,,,,,,,
,,,,,,,,,,
,,,,,,,,,,
End of Report ,,,,,,,,,,
